,action_TFC_finish,action_TNC_finish,action_greedy,action_noise
0090000F2106000F2106000F,-82.82894937397425,-44.72010113880866,-41.40438758172598,0.008952065191749625
0091000F2107000F2107000F,-85.21637112835845,-100.31972070675846,-85.25124329808149,-70.89088220076628
0631000F3106000F3106000F,6.492713030392901,3.213,21.5870768026403,9.193053968643538
00B3100F3308000F3308000F,-11.559578162455697,-5.9399999999999995,-8.9153325,5.0013936830035375
10A5200F3400A00F3400A00F,-10.918079127772462,-10.4857875,-10.341000000000001,-1.1932795417759068
00A2100F4200900F4200A00F,7.280558234337609,0.0,-4.350645,-3.5100000000000002
0083000F2108000F2108000F,-10.8,0.0,-28.730336240038366,0.0
0081000F3060000F3060000F,-15.347692167454074,-47.096347923685535,-30.291901059122406,-30.625238006150624
0080000F2060000F2060000F,-1.8817714418731253,-14.59386611815539,-8.12706886627363,-9.341361622201452
1000F00E1000F00E1000F00E,-17.91259001275526,-19.339480325027907,0.06775590279435034,-1.159485012174907
000C000F000C000F000C000F,-18.040533627106516,-18.524065134208772,-18.582844782834865,-0.058074365707310116
terminal,0.0,0.0,0.0,0.0
0630000F2060000F2060000F,-0.2148331318857581,-3.0546538494554145,-3.4903599365015903,-0.4091463925833063
0091000F3106000F3106000F,-9.46749786310343,-21.6,-19.032508465593843,-39.931432394394776
0092000F3107000F3107000F,-5.633919798031595,-15.170665122397942,-8.263604214394746,12.516788836289013
0092000F3108000F3108000F,-51.02605686304388,0.0,3.568639202871095,-2.4262754810309524
1093000F3209000F3209000F,-18.900000000000002,0.0,0.0,-7.739033069603329
1083000F3107000F3107000F,-6.6834148359375,-10.350937864670227,5.751618807287192,2.34699436631632
1093000F3208000F3208000F,-6.8526,-15.917181541832363,-7.624481111727684,-3.1281772293519827
1095100F4300900F4300900F,-18.900000000000002,0.0,0.0,0.0
0092000F3207000F3207000F,-17.66615928829129,1.634706469646673,-14.528070417107461,-26.578684984896956
0091000F2106000F2106000F,-8.36470407029014,-5.786619329532641,4.027539840939453,-0.2991968155311362
0094000F3308000F3208000F,0.0,0.0,5.4,0.0
00A4000F3208000F3208000F,-3.000139610072355,-7.5832007738683815,-6.068682640372378,4.772805673454187
0621000F2206000F2206000F,-18.111796066213653,0.0,29.7,-0.4890499439047433
A200000F2207000F2207000F,-0.9603771907258114,-18.044673742715673,-17.461655759697063,-19.148295506356085
D000000FD000000FD000000F,-19.032421410904306,-18.977578740497254,-14.546343594647379,-15.753959290037916
0093000F2207000F3207000F,-11.81174431041053,-10.8,0.0,20.025994098574156
0094000F3308000F3308000F,-5.4,0.0,0.0,0.0
10A3000F3208000F3208000F,-16.2,-16.02245767297491,8.071087140261401,-10.350417901027566
1095000F3300A00F3300A00F,-10.8,0.0,-3.8461499999999997,0.0
10A3000F3109000F3109000F,0.0,0.0,0.0,-10.8
1094000F4200A00F4200A00F,0.0,0.0,0.0,2.7
0083000F3207000F3207000F,-2.6240523191820975,-4.306500000000001,0.0,0.0
1094000F3209000F3209000F,0.0,-7.5731530247145455,0.0,-2.7
1081000F2106000F2106000F,-8.763355396570017,-18.499098870915038,10.283803510159283,-13.525454140858745
1083000F3207000F3207000F,-14.211282335334095,-11.832466727194419,2.4217376894436113,-4.2657171381096495
10A3000F3308000F3308000F,0.0,1.2662489480222756,0.0,0.0
0531000F3106000F3106000F,-0.3001068330726541,-15.493421834242476,0.0,0.0
1083000F3107000F3207000F,-5.94,0.0,0.015012531562499376,0.0
1082000F3107000F3107000F,-8.250754886135768,-22.0968,-5.4,-9.606863991817193
1094100F3300A00F3300A00F,-8.052645902577897,-16.2,4.3449477889439585,3.5093142114055427
00A3000F3109000F3109000F,-4.913999999999999,-14.53794510959431,-7.2891802701648585,-8.17695
10B5200F4400B00F4400B00F,0.0,0.0,8.1,0.0
00A6200F3500B00F3500B00F,-8.488595112173233,-1.9092902154485234,-9.651332519455185,-7.811642921328412
00C2100F4200A00F4200A00F,-42.38362339603068,-0.7886453858546592,-23.756623356171765,-33.919998735823654
00B6200F3500B00F3500B00F,-7.945642473822384,0.0,-8.1,-2.674423227393298
B433000F3330C00F4330C00F,0.0,0.0,0.0,0.0
9520000F2400900F2400900F,0.0,0.3613551080221393,0.0,0.0
00B3000F3208000F3208000F,1.1576948763431396,-10.020818533700602,-11.207396419728402,-11.828805547685494
00A3000F3307000F3307000F,2.8253918861212557,4.093190321424722,11.809569497676303,19.591964426237716
1095000F3300900F3300900F,-19.890772292360698,-21.123006150244365,-10.412842541044846,4.859553323731836
1095000F3400900F3300900F,-17.141625,-17.959759607864036,-2.179700673846899,-15.485759394598261
00B3100F3300900F3300900F,-18.108176071237956,-4.613273404049485,-8.840168989882695,-3.6951570813065864
0095100F4200A00F4200A00F,-1.961530364356114,-9.603312354375047,-22.33525575448767,-24.18778057590758
00A6100F3500B00F3500B00F,-12.402842818268027,-1.6223124969962952,-31.58387853077764,-31.839689361752896
00A6100F2500B00F2500B00F,2.1223690719175323,-7.176335905899484,-33.184460863453516,-6.937158970603877
0622000F2106000F2106000F,-18.83797179683957,-11.501785535663537,-7.346890504859568,-1.7260737794160637
0623000F3207000F3207000F,4.943629941207221,0.8612678003621048,7.504049320836214,13.887689231718774
00A3000F3308000F3308000F,-13.850718601552774,-6.092207880691178,0.15981717999605594,-8.977607418669088
0094000F3209000F3209000F,8.345628570106788,-5.018044844146724,-4.788305468161701,-3.7097262123445987
0094000F3109000F3109000F,-10.8,0.18002090681598126,-14.296778859734701,-33.7605392492317
00A2000F3108000F3108000F,-2.2195906160573844,-0.6907756959030247,-8.501225024250553,2.9482062585316413
0091000F3007000F3007000F,2.9473842201003984,-9.762965740314076,-2.660993795173593,-2.689196385868415
0092000F3107000F3207000F,0.0,-3.147170816313246,4.164556236907842,0.0
0080000F2050000F2050000F,0.0,-10.8,-0.053691266348546485,-2.0198971789215694
0080000F1150000F1150000F,0.0,3.2399999999999998,0.0,5.186621907334681
0081000F2106000F2206000F,0.0,-0.8125277993321738,0.0,-6.134332837500001
0520000F2050000F2050000F,-0.8456256689843565,-3.0202536439913272,8.78085530727503,0.7764333442512203
0080000F0080000F0080000F,-18.13844668483642,-18.529907295686822,-0.16692506851142752,-0.9946973361459688
0092000F2207000F3207000F,7.7989853634335535,0.0,0.0,0.0
20A4200F4220A00F4220A00F,0.0,0.0,-2.7,5.4
10A5300F4220A00F4220A00F,-10.8,-2.7,0.0,0.0
0096000F3300900F3300900F,0.0,-1.4519346920913359,0.0,0.0
00B3000F3109000F3109000F,-37.44078952153044,-15.646323197662705,2.0792614097949764,-5.394649457749016
0092000F1107000F1107000F,-2.7,0.41188459306862324,-2.812207288064177,-2.7
0091000F3008000F3008000F,-0.004159033975426621,-5.184273833654469,-41.51162749952798,-109.24809767555334
00A2000F2208000F2208000F,-7.981979061615513,-27.288875468889426,-5.039763508187684,4.062713455980026
0096000F3209000F3209000F,-3.983688836360782,-4.634582974728287,-7.344145865169201,8.03999419377572
0530000F3106000F3106000F,0.0,0.0,-5.4,18.511496106438912
0081000F3106000F3106000F,-13.5,-9.377905406084201,5.73079779359522,-2.16
0080000F2106000F2106000F,-8.796414372868075,-9.4570429777072,-4.4422867924646035,-5.4
1095100F3400900F3400900F,-10.8,-19.17,0.0,-7.5600000000000005
1094100F4200A00F4200A00F,-0.023686687770856696,-21.810897047159816,-3.280099776073811,0.0
10A3000F3307000F3307000F,0.0,0.0,0.0,-5.4
1092000F3207000F3207000F,-10.8,-11.330189800696614,12.030300935460197,-14.04
1081000F3206000F3206000F,0.0,0.0,0.0,0.0
1090000F2206000F2206000F,0.0,8.1,0.0,0.0
0091000F2206000F2206000F,0.0,0.0,36.30429384704568,0.0
0090000F3106000F3106000F,0.0,0.0,0.0,14.377500000000001
1092000F3107000F3108000F,0.0,-18.900000000000002,8.49157029941412,-5.9399999999999995
1094000F3208000F3208000F,-10.339649999999999,-10.8,-18.7681543243636,-4.252055511809184
0093000F3208000F3208000F,-7.543602271565028,-5.4,-1.7522550364230127,18.201120191726588
0083000F3108000F3108000F,-9.251102674208724,-16.2,-4.414019119002441,-1.1233383756942104
00A2000F3207000F3207000F,-5.4,-11.383257674731704,-5.583600000000001,-5.9399999999999995
0530000F2150000F2150000F,-8.063603610235377,-8.630627039567564,-11.0887103766336,-43.36026653268962
00A4000F3308000F3308000F,-18.102370809375,-18.138886919482477,0.3488124221010156,-10.613175485567726
0093000F3209000F3209000F,0.0,2.43,6.83359349782684,10.946239815549458
0091000F2007000F2007000F,-2.565829795646952,-9.879301251191777,-6.995200691374583,-5.3402206048600345
0620000F1160000F1160000F,4.137278927968579,-42.782250937170886,5.6252795910360085,-18.5938487480215
0420000F2050000F2050000F,2.083466382713471,-47.87832034209792,-44.49733009866994,-33.964747838551624
0623000F2307000F2307000F,5.8586333800508426,6.461301377916502,18.09757151048245,0.0
1092000F3108000F3108000F,0.0,0.0,0.0,9.219782993842845
0090000F2060000F2060000F,-5.4,-6.745260090294451,-0.44963783447622063,0.0
0530000F2050000F2050000F,-10.8,5.3368337967673245,-2.8020138217619515,-11.246670259836996
0080000F3106000F3106000F,-10.8,-7.710843786467022,-6.624020487483335,0.0
1081000F3106000F3106000F,-6.395183920429874,-19.439999999999998,0.9927182132534487,-7.23328310794566
1094000F3308000F3307000F,0.0,0.0,2.7,0.0
00A3000F3208000F3208000F,-20.153929057545277,-13.498649923642635,-13.335864270707038,1.283419321288144
00A2000F2108000F2108000F,-1.1015726070570735,-23.87573178125865,-34.784921684066525,13.55245750870717
0074000F2207000F2207000F,0.0,-3.8752128993375745,18.213497496298633,-15.532714966664788
0093000F3108000F3108000F,-37.79612651203053,-3.469170210147582,-43.744881363867734,-24.565157124585866
1095100F3300900F3300900F,-9.662569959962646,-11.35256712785985,-6.521308341389354,9.185885095963881
0091000F3107000F3107000F,-37.16378037791335,-35.41320533413329,-0.43222428458851425,-37.73847225313725
0094000F3208000F3208000F,-1.2053883706357875,-11.220589468568509,-33.45787808526463,-13.902608007453033
00B3000F3209000F3209000F,-1.701063357552873,-9.634113885173722,2.9750564160858826,7.317194554502778
0090000F3060000F3060000F,-0.4608069274015867,-27.549803302163426,-17.32113103546173,-28.961190735569787
0092000F2107000F2107000F,-0.23771193979269833,-3.258648875153322,14.38326422041897,-15.341303579131699
1000F00F1000F00F1000F00F,-17.353571214260146,-0.3583281578777501,-1.931096398811789,-3.848394339540412
100B000F100B000F100B000F,-18.048402130870414,-17.74500819133574,-0.011427409378965012,-18.68850030551306
1094100F3200A00F4209000F,0.0,-5.954082687463469,-3.043540943680555,-6.303682137467331
1093000F3109000F3109000F,-11.458036218540284,-21.6,-5.3707865952683544,-2.519074661900558
1083000F3108000F3108000F,-7.201287616093578,-16.2,3.2496753372375835,-13.5
10A3100F3300A00F3300A00F,-5.34522569745018,2.2260720793899513,-10.36665,-26.17964639837408
20B5200F4310B00F4310B00F,0.0,0.0,0.0,2.7
10B5200F4310B00F4310B00F,0.0,0.0,5.4,-8.1
00B6300F3220B00F3220B00F,0.0,-10.8,0.0,0.0
00B6200F3230B00F3230B00F,10.8,0.0,0.0,-2.7
00B6300F3230B00F3230B00F,0.0,-8.1,0.0,0.0
E132000F3230B00F3230B00F,0.0,1.6950216896256232,0.0,0.0
00A3000F3209000F3109000F,0.0,0.0,0.0,-0.9916460840223476
0094100F4200A00F4200A00F,-13.612012242119267,-7.671935250000001,-1.6088836813854819,-5.4
1000F00C1000F00C1000F00C,-14.909218923476164,-14.671283837714444,-14.844287777492514,-18.79327120638492
00A3000F3209000F3209000F,-7.574954817287505,-7.6476831573062105,1.5566076460171345,14.166062851535159
00A2000F3107000F3107000F,0.0,0.0,2.743323101806693,24.408241360584594
0095000F2209000F2209000F,-18.463244138630614,-0.42407858418492594,5.858134865192808,9.22525144476861
0092000F2207000F2207000F,-6.579584313548748,-8.008554151406251,-8.22397743501449,7.847226719753312
0530000F1160000F1150000F,-4.668478873708269,-5.410976400768183,5.497231242057054,-4.031557382076716
0630000F2106000F2106000F,5.212698224510106,-45.90803143293288,-56.43,-36.378533168355325
0620000F1160000F1150000F,-3.160541615625001,-2.700273349803324,-2.8937482873820852,0.0
0520000F3050000F3060000F,-71.49759326328801,-89.5387996841029,-81.21843319538021,-79.82518957406451
0510000F2040000F2040000F,-44.11175931968479,-43.413652734822875,-45.9,-19.070088089928017
0070000F2060000F2060000F,45.0349245727281,-64.8089012376481,-54.94973767804928,-43.16169410716695
0080000F2006000F2006000F,0.0,0.0,0.0,-3.3622255422636886
0080000F3050000F2050000F,0.0,0.0,0.0,0.0
0530000F2106000F2106000F,-2.5870514809760374,-16.2,0.0,8.1
0530000F3050000F3050000F,0.0,0.0,0.0,1.6739999999999995
0530000F2050000F2150000F,-10.8,0.0,5.518698750000002,0.0
0095100F3200A00F3200A00F,-5.6432500401285255,-2.8490934393283673,-30.063177187909012,6.455707276005959
10A5200F4400B00F4400B00F,-16.2,-12.376642216653329,0.0,0.0
10A3000F3208000F3108000F,-6.6347945506663235,0.0,-5.116297469950764,0.0
00B2100F3300900F4200900F,-7.860409555310066,-3.4176642099416776,12.493273038021842,-5.66111680262221
00B2100F4200900F4200A00F,-0.1237919540811987,-6.689770362649329,-8.878276733994042,-9.494805529191254
00A6200F4400B00F4400B00F,0.0,-5.4,-0.10718468437499942,1.1730867412701946
00B2100F2400A00F2400A00F,-12.038845156964205,-8.194149339735073,14.078449506718336,-0.6260226191891594
00C2100F4200A00F4300A00F,-6.125035927622694,-5.098566613288678,-27.885893859177692,-29.716390443883185
00A3000F2308000F3208000F,0.0,5.6311507475956555,4.278210758635276,0.0
0095000F220A000F220A000F,-18.535080578913195,-6.968940437706568,0.5134325684487031,-10.267053674791544
0520000F1150000F1150000F,-4.715443985221463,-3.685073588125558,-11.337615580737967,2.7456207488699587
0630000F1160000F1150000F,-7.378756712116235,-3.81974983092789,14.71380672573705,2.8076801909011606
00B2100F4200A00F4300A00F,-6.744513946763411,-8.1,4.514195673090121,-6.246648194722773
0090000F2007000F2007000F,0.0,0.0,-0.14685531758973935,9.373383470267223
00A3000F3308000F3208000F,-2.6632296078135647,0.0,0.0,0.0
0094000F3208000F3209000F,-8.877109492079592,-8.057747430929396,0.0,0.9915703815154409
00A3000F2308000F2308000F,0.0,0.0,0.0,9.519924365201252
00B3000F3308000F3308000F,-5.94,-5.3310088281855545,-3.5855150812625856,3.740755311046482
00A5200F3400A00F3400A00F,-5.4,0.0,-2.7,0.0
1082000F3107000F3207000F,-16.2,-20.03284646482907,3.155085,-8.1
0090000F0090000F0090000F,-18.706528916630454,-2.003407804761606,-18.55102882565242,-16.756097858912913
0070000F0070000F0070000F,-2.022944203121611,-0.9781514891355756,-16.060248379195286,-15.523650589657167
0093000F3308000F3308000F,0.0,0.0,-10.8,14.839515085322272
10A4200F4400A00F4400A00F,0.0,-3.7785747132725973,0.0,8.653552451409979
1095000F3300900F3400900F,0.0,0.0,0.0,1.215
0091000F3106000F3107000F,0.0,-3.5885277183206252,5.688550249476805,0.0
10A5200F3400B00F4400B00F,0.0,0.0,-35.15098913376838,0.0
0080000F3060000F3060000F,1.3842513880934928,0.0,0.0,-1.7402834937561993
0520000F3050000F3050000F,-2.7,0.0,0.0,14.752464827121628
1080000F1080000F1080000F,-0.002470323621617108,-10.406233082088256,-0.005303038310008615,0.0
00A3000F3208000F3209000F,0.0,0.0,0.0,9.045000000000002
0095100F2400900F2400900F,0.0,0.0,-1.1069155206727483,9.556020125847681
0095100F4300900F3300900F,-7.675299720907032,-4.491067817660193,16.580682298783845,-1.4989376821125138
10B3100F3300A00F3300A00F,-16.286731758740082,-0.17825939483615214,3.0386223316537553,-4.642829565941957
00A2000F2109000F2109000F,-5.41720017130724,-5.4,-1.1484221053084251,-0.39009705992539845
1000F00B1000F00B1000F00B,4.950509399300291,-40.49773897202652,-4.8566796365133555,-22.016845560502325
00A2000F3108000F3107000F,0.0,0.0,21.292765590530752,0.0
0095100F2400900F4300900F,-5.121563427436822,-4.000595919651982,6.89024031260037,-5.288228806936431
00B2200F4200A00F4300A00F,0.0,-5.4,2.370670920317704,0.0
00B3100F3200900F4200900F,-9.585,-11.789175950715412,0.0,10.557000000000002
0092000F2108000F3108000F,0.0,0.0,0.8738172660570993,0.0
0530000F1160000F1160000F,0.7368515980191379,-4.597440811077396,3.1521633492043364,3.050117012772305
00A2000F2207000F2207000F,-8.3989466867321,-18.05406346544502,-9.93414578690375,-9.656400487631924
00B2100F4209000F4209000F,-13.474114990570989,-12.300915129317683,0.0,0.0
00B2100F3200A00F3200A00F,-1.99542635622457,2.4425455005675034,13.31662788803066,-1.931423239251111
00A3000F2308000F3308000F,-7.47066100309672,0.0,0.0,5.94
1095000F3309000F3309000F,-0.6650768922218194,0.0,0.0,0.0
00B2100F4200900F4200900F,-3.9536423663951816,0.0,4.704558588599672,-5.585844905916659
00B2100F3200A00F4200A00F,0.0,-10.8,15.399592124305697,0.0
0095100F4300A00F4300A00F,0.0,0.0,-3.619884173287148,-0.6229021745332322
A530000F3500B00F3500B00F,1.6260979860996267,0.0,0.0,0.0
00C3100F3400A00F3400A00F,0.0,-5.4,0.0,-5.913309382056193
0000F00F0000F00F0000F00F,-0.040982327373123156,-0.021061632574298765,-0.41266752190175104,-0.005449873672045785
000F000F000F000F000F000F,-11.135446048647896,0.0,0.0,0.0
0095100F4300A00F3300900F,0.0,0.0,4.869451770289659,0.0
0082000F2107000F2107000F,0.0,-5.4,0.0,13.141074941855074
1092000F3107000F3207000F,-9.36086616322458,-25.020523572333534,-10.8,6.390210615223078
00A2000F3107000F3108000F,-5.4,0.0,-4.761422278717061,3.814690188497383
0630000F1160000F1160000F,0.0,0.0,0.0,11.622506856526334
0520000F2060000F2060000F,11.272638221168453,0.30007861359520405,-4.583909705092314,-35.2868097906772
0510000F1040000F1040000F,22.520439002727827,-1.4922236518735907,-20.813883516820212,-18.05120414905754
0080000F3006000F3006000F,-77.90148959314439,-81.49873344967072,-81.7121115,-72.71409457270713
1092000F3107000F3107000F,-7.83,-9.629816704580282,-1.4680294294099507,0.0
1094000F2209000F2209000F,-2.7,-8.1,0.0,10.136419805826373
100E100F3200B00F3200B00F,0.0,-6.48,0.0,12.69
0095000F3209000F3209000F,-2.8153711093486313,0.0,0.0,9.607447108115423
00B5100F3200B00F3200B00F,-4.1609048613796356,0.0,0.13440473341797587,8.414447554268062
0090000F3006000F3006000F,0.0,0.0,0.0,3.7867500000000005
1081000F2107000F2107000F,-2.9699999999999998,-10.8,-10.259999999999998,-9.851591578192618
0420000F2040000F2040000F,0.0,-2.893840132163436,13.771593272637832,0.0
0082000F2106000F2106000F,-5.4,-1.0857102746657565,2.8156865818090986,-6.343624839009625
1086000F3408000F3400900F,0.0,0.0,0.0,10.8
1095000F3408000F3400900F,0.0,5.4,0.0,0.0
1095000F3400900F3400900F,-16.2,0.0,5.521666747498555,0.0
1094000F3300900F3300900F,-6.121253840200025,-16.2,-2.7,-1.89043669521131
1093000F3209000F3109000F,0.0,-16.2,0.0,0.0
0095100F3200900F4200A00F,-8.1,0.0,0.0,0.0
0095100F4200900F4200A00F,0.0,-13.191910271204415,3.1870113201852046,0.0
00A5100F3200A00F3200A00F,-6.095238561962637,0.0,0.0,12.888183084077692
0092000F3107000F3108000F,7.411500000000001,0.0,0.0,0.0
0095100F4300900F4300900F,0.0,0.0,10.50446141781519,0.0
0081000F3007000F3007000F,0.0,0.0,-5.361373287813679,0.0
1086000F3400900F3400900F,0.0,0.0,2.7,0.0
1095300F3220A00F3220A00F,0.0,0.0,3.2621929764868303,-10.8
0530000F3150000F3150000F,0.0,-10.8,8.75145304166995,0.0
0430000F2150000F2150000F,0.0,-15.390000000000002,0.0,0.0
1094100F4200A00F4209000F,-10.8,0.0,-12.755753424746633,8.571088938650265
00B2100F3300900F3300900F,-9.102628728017555,0.0,-9.126271728733515,0.0
20A3200F4400B00F4400B00F,-22.13141233430287,-21.6,-7.4269634033887995,-16.822281733285777
1094100F4200A00F3209000F,0.0,5.4,0.0,0.0
1094100F3200A00F3200A00F,-14.350543873517939,0.0,4.4654990594934345,0.0
0095100F3300900F3300900F,-13.220284691316287,-17.82,-1.9272939864523142,-12.79752230748922
0430000F2050000F2050000F,-6.167599384223649,-52.08282234863458,-51.05631736873576,-29.377387067577125
1085000F3400900F3400900F,0.0,0.0,5.4,0.0
1086000F3400900F3400800F,0.0,-16.2,-5.4,-8.1
10A3000F2308000F2308000F,-8.1,0.0,0.0,0.0
10A4100F3400A00F3400A00F,0.0,0.0,0.0,0.0
20B3400F3320B00F3320B00F,0.0,0.0,2.8943999999999996,0.0
10A3100F4300900F4300900F,0.0,0.0,7.728277499999999,0.0
00A5200F4400B00F4400B00F,-13.108330037553728,-4.359856332823464,1.8783455563465914,-3.1536657854040087
0095100F3200A00F4200A00F,-0.3172709378275879,-3.3696004399149935,-4.347015546793888,2.6611452854837996
1094000F3300A00F3300A00F,0.0,-6.392116657721443,0.0,-1.8390485233704137
00A2000F3207000F3107000F,-7.087095983952316,0.0,0.0,0.0
0083000F2208000F2208000F,-5.4,8.228185875000001,0.0,0.0
00A3000F3108000F3208000F,0.0952048527876228,0.0,0.0,0.0
1091000F2107000F2107000F,0.0,-25.24115852575199,-0.41347119881777833,0.0
00A2000F2207000F3107000F,0.0,-7.846518416711246,5.4,0.0
0530000F1150000F1150000F,0.9394627374963989,-5.353762500000002,-0.7244706188200034,14.689711937309113
00A5300F3500A00F4400A00F,0.0,16.2,0.0,0.0
00A5300F4400A00F4400A00F,0.0,0.0,4.195511873205504,0.0
1093000F3308000F3308000F,-24.03,-17.73737416224326,1.975495649099937,-6.7523625
00B3100F4200A00F4200A00F,-7.703727153633157,-16.2,-0.6472517625,-2.747024161001041
10A3000F3108000F3108000F,0.3668407849835553,0.0,0.0,0.0
0096100F3400900F3400900F,-9.36817045257338,-10.8,-10.97972409280965,1.937430911410432
1095000F4300900F4300900F,0.0,-15.675385794057169,0.0,3.9860342179958836
00B5100F3300B00F3300B00F,-3.861380363060262,-1.304862929026674,13.77,0.0
1083000F2208000F2208000F,-5.4,-46.71,-0.24299999999999988,-7.93665
0083000F2109000F2109000F,0.0,-12.722182163639564,0.0,0.0
1073000F3207000F3207000F,-10.281681,4.049999999999997,0.0,0.0
1095000F3300900F4300900F,0.0,0.0,5.817797204420312,0.0
00B4000F3200B00F3200B00F,0.0,1.6218669300597983,-1.7452672512048082,0.0
00B3000F3100C00F3100C00F,0.0,-10.8,0.0,0.0
0085000F3208000F3208000F,-5.4,-2.9699999999999998,3.70651745217124,-6.1218700891178965
00A4200F4200A00F4200A00F,0.0,0.0,0.0,0.18911914140050134
00A4200F3200B00F3200A00F,0.0,0.0,-5.4,-8.1
00D4400F3500E00F3500E00F,0.0,-2.7,0.0,0.0
1071000F2105000F2105000F,0.0,0.0,0.0,14.445
0083000F2207000F2207000F,0.0,2.01157029941412,0.0,0.0
0095100F3400A00F3400A00F,-10.8,0.0,0.0,0.0
00A5100F4200A00F4200A00F,-8.1,0.0,16.2,0.0
00C3300F4300C00F4300C00F,0.0,0.0,2.7,0.0
000F300E3300E00F3300E00F,0.0,0.0,-0.24149822007766497,0.0
00B4000F2200C00F2200C00F,0.0,0.1822808283633884,0.0,0.0
0093000F3009000F3009000F,0.0,-4.924770086845305,-0.9289471560852345,3.2538248183009486
0500000F2040000F2030000F,-42.452258366259,-55.24256288934664,-45.9,-36.89877426814084
1081000F3107000F3107000F,0.0,0.0,0.0,6.75
1530000F2150000F2150000F,0.0,0.0,0.0,0.0
1082000F3207000F3206000F,0.0,-21.6,0.0,0.0
1082000F3207000F3207000F,-13.5,-7.9999090489050895,-11.831551986272489,1.9088235680387688
1085000F3208000F3208000F,-8.1,-10.8,0.0,-5.94
1084000F3209000F3208000F,0.0,0.0,0.0,-2.232520488727861
1080000F3006000F3006000F,-4.986430056261061,-26.246100272374886,-20.947092127481486,-10.557
00B3100F3400A00F3400A00F,-4.9833307586460815,-8.1,-5.4,0.0
0096100F3400A00F3400A00F,0.0,0.0,1.365836480420175,0.0
0410000F2040000F2040000F,0.0,-16.2,0.0,13.473138207717314
1080000F2150000F2150000F,-32.24484652397748,-10.8,4.398722182532419,-16.3215
1081000F3106000F3206000F,-13.5,0.0,0.0,0.0
1080000F2006000F3006000F,4.267837898133213,0.0,0.0,0.0
1084000F3208000F3208000F,-4.455,-16.2,0.0,3.7814304955026707
2094000F3400A00F3400A00F,0.0,-16.2,0.0,-2.7
1094000F4300A00F4300A00F,-8.696342199275373,0.0,0.0,0.0
1093000F3208000F3308000F,-10.099393038273988,0.0,0.0,0.0
1094000F3308000F3308000F,0.0,0.0,9.137970690453537,29.7
0081000F3006000F3006000F,0.0,0.0,4.670999999999999,5.36385855180203
0530000F3105000F3105000F,-5.4,0.0,-4.662520488727861,-7.426705031751962
2095100F4400900F4400900F,-16.2,0.0,0.0,0.0
10B3100F4400900F4400900F,-5.4,0.0,0.0,0.0
00A4000F3307000F3307000F,0.0,0.0,0.0,4.884030863954896
1082000F2108000F2207000F,0.0,-9.799090489050883,0.0,0.0
10B3200F3200B00F3200B00F,9.207929742082518,0.0,0.0,0.0
0080000F3105000F3105000F,6.439500000000001,0.0,0.0,0.0
1092000F3008000F3008000F,0.0,-8.1,0.0,0.0
10A4100F4200A00F4200A00F,0.0,-6.2200093092269855,-1.4849999999999999,-5.48123625
100F200E4300D00F4300D00F,0.0,0.0,10.8,-1.6781047183086166
0091000F2107000F3007000F,0.0,0.0,1.677841474248007,0.0
0083000F3107000F3107000F,-5.4,0.0,-5.4,-31.518013477561055
10A5100F4300A00F4300A00F,0.0,5.13,0.0,2.7
1094000F220A000F220A000F,0.8947284899320218,2.43,-10.8,4.525377346280825
10A3100F3300900F3300900F,0.0,-10.8,-8.223580194173628,0.0
20B5200F3410B00F4310B00F,-12.285,0.0,16.2,0.0
0080000F3007000F3007000F,0.0,0.0,5.4,0.0
0080000F3050000F3050000F,0.0,-11.8935,-8.1,0.0
1071000F3050000F3050000F,-10.8,0.0,0.0,0.0
0520000F2150000F2050000F,0.0,0.0,0.0,0.0
1081000F2206000F2206000F,0.0,0.0,-5.4,0.36297293842844436
10B4100F3400A00F3400A00F,7.467704147078834,0.0,0.0,0.0
1091000F3007000F3007000F,0.0,-8.400346763768905,0.0,-7.683305689312467
1080000F2106000F2106000F,0.0,-11.476574557320786,-16.553808,4.932079772557278
1091000F3106000F3106000F,0.0,18.900000000000002,0.0,0.0
0081000F2206000F2206000F,0.0,38.54071598024122,0.0,0.0
1091000F3107000F3107000F,0.0,0.0,9.124701946901268,0.0
0093000F3207000F3207000F,-5.4,0.9813252025356505,-3.6988665340515006,-3.47720546446503
1092000F3206000F3206000F,2.1835884987994225,0.0,0.0,0.0
0096100F4300900F4300900F,-1.7800830222851942,0.0,0.0,0.0
0095100F4200900F4200900F,-6.458726997674208,-0.914841892655428,21.205907409183485,0.0
00B2100F4200900F3200900F,0.0,0.0,0.0,8.236181982912175
00B2100F4200A00F4200A00F,-6.41670944675951,-10.390913338753336,-3.043540943680555,-3.9836898372994405
1094000F4300900F4300900F,0.0,-21.6,-0.2925395891250288,-13.025280718027577
10A5100F4400A00F4400A00F,-21.6,0.0,12.838500000000002,0.0
1094100F3300900F3300900F,-6.803764189838883,0.0,15.248470704453526,0.0
00B3100F3200900F3200900F,0.0,0.0,0.0,5.3464751383348075
0095100F3300900F4300900F,0.0,2.686539717053316,0.0,0.0
0009000F0009000F0009000F,0.0,-15.005096167399651,-0.12269129337066757,0.0
0530000F1150000F3050000F,0.0,-9.789276721689165,0.0,14.667861924491731
0081000F2107000F2107000F,0.790850827658923,0.0,0.0,0.0
0070000F2050000F2050000F,4.444257002330297,-22.49478513468251,-92.05458306848277,-49.16132428509186
0090000F2070000F2070000F,66.83189237262873,-62.775,-78.37978943905225,-81.04504807795357
1080000F2006000F2006000F,0.0,-14.941443534228256,-9.343509928456507,2.7
1082000F3108000F3108000F,0.0,-21.6,0.0,19.89479658348636
100F200F4300C00F4300C00F,0.0,0.0,0.0,-3.39525
0080000F2070000F2070000F,111.29562824258441,-2.227996474918311,-2.2027921051733372,-22.708642838445105
0090000F2007000F2008000F,112.38506827632474,-40.5,0.0,0.0
0090000F1070000F1070000F,45.012019955097976,-40.5,-40.905,-44.550000000000004
0091000F2009000F2009000F,103.26656807747183,-40.5,-22.275000000000002,-40.5
0082000F3008000F3008000F,44.55,0.0,-5.4,0.0
1081000F3007000F3007000F,-10.8,0.0,-1.8580612063271598,0.0
1082000F2207000F2207000F,0.0,-16.2,-1.1132009365291688,-12.123537641898388
0080000F1060000F1060000F,45.59783727422339,0.0,-62.77996474918315,0.0
100E000F100E000F100E000F,-0.010680481417650434,-4.2520972261839916,-40.494138126041,-0.17214597565060408
000D000F200B000F200B000F,0.0,-40.5,0.0,0.0
100E000F300C000F300C000F,110.4449475497441,0.0,0.0,0.0
000E000F200B000F200B000F,44.95446207125924,-8.11755745760263,0.0,-32.34193597202335
100F100F4000E00F4000E00F,0.0,0.0,-40.5,0.0
10A3000F300A000F300A000F,98.84337043077431,0.0,0.0,0.0
0080000F2007000F2007000F,40.905,0.0,0.0,0.0
00A2000F3009000F3009000F,0.0,-40.5,0.0,0.0
1092000F3009000F3009000F,0.0,0.0,0.0,12.741831900000001
1082000F3107000F3108000F,0.0,0.0,0.0,-1.4680294294099507
20A4200F4400B00F4400B00F,0.0,0.0,0.0,0.0
200F400F4410C00F4410C00F,0.0,0.0,-2.7,0.0
10C5300F4320C00F4320C00F,-16.2,0.0,0.0,0.0
1083000F3207000F3107000F,0.09520485278762282,0.0,0.0,0.0
0090000F2008000F2008000F,69.1788242221054,0.0,0.0,0.0
0091000F1008000F1008000F,44.884768965711125,0.0,-22.275000000000002,-20.4525
1082000F3207000F3107000F,0.0,0.0,0.0,0.0
0080000F3005000F3105000F,0.0,0.0,0.0,0.0
1075000F3308000F3307000F,0.0,0.0,4.70475,0.0
100F300D4000F00D4000F00D,0.0,-40.5,-81.0,0.0
100F300F4100F00F4100F00F,0.0,0.0,0.0,0.0
100F100F3100D00F3100D00F,-5.4,0.0,0.0,0.0
100F100F4000D00F4000D00F,0.0,0.0,0.0,0.0
100F100F3200D00F3200D00F,0.0,0.7658299111890221,0.9544408614503005,0.0
1083000F2108000F2108000F,0.8564495131193839,0.0,0.0,0.0
0094000F310A000F310A000F,0.0,0.0,0.0,1.2481794629449716
00A5100F3200B00F3200B00F,0.0,-1.5230381905894508,0.0,0.0
0092000F2009000F2009000F,0.0,-81.0,0.0,0.0
100D000F300A000F300A000F,0.0,34.627500000000005,0.0,0.0
100F300F4000E00F4000E00F,0.0,-40.5,0.0,0.0
100F400F4100F00F4200F00F,0.0,-5.4,0.0,0.0
0095000F4300900F4300900F,-10.249283791693614,0.0,0.0,0.0
00A2000F2108000F3108000F,0.0,0.0,0.0,6.763428672060567
10A5100F4300B00F4300B00F,0.0,0.0,0.0,0.0
1094100F3209000F3209000F,0.0,16.875,0.0,0.0
1095000F4300900F3300900F,-6.350376418983889,0.0,0.0,0.0
0080000F2105000F2105000F,-13.891712215979714,0.0,0.0,0.0
0520000F2040000F2040000F,0.0,-5.4,0.0,0.0
0430000F3050000F3150000F,20.741731121925802,0.0,0.0,0.0
10B4200F3400C00F3400C00F,0.0,-2.7,0.0,0.0
10B3100F3400A00F3400A00F,0.0,0.0,0.0,25.47543847045678
0081000F2007000F2007000F,-0.6239753169923551,0.0,-83.26157798996019,0.0
0080000F2050000F2060000F,0.0,0.0,0.0,22.440043222995854
1093000F3308000F3208000F,6.136370363408091,0.0,0.0,0.0
1093000F3307000F3307000F,0.0,-16.31538579994426,2.97,-0.27
0081000F2006000F2006000F,0.0,0.0,0.0,0.0
1086000F3408000F3408000F,0.0,-8.1,0.0,5.4
1092000F3108000F3008000F,0.0,5.4,0.0,0.0
0520000F3060000F3060000F,0.0,0.0,0.0,-77.38655728175051
0080000F2060000F2050000F,5.173842201003982,0.0,0.0,0.0
1074000F2207000F2207000F,0.0,1.2679108265053731,5.4,-5.4
0530000F2150000F3150000F,-16.2,0.0,0.0,0.0
0091000F3006000F3006000F,0.0,7.29,0.0,0.0
000D000F300B000F300B000F,0.0,0.0,0.0,-0.7695000000000036
100E100F2200C00F2200C00F,0.0,-4.721802028180672,0.0,0.0
00A2000F2108000F2208000F,0.0,-8.1,0.0,0.0
0092000F3108000F3107000F,0.0,-10.937846356849503,0.0,0.0
100E000F100E000F100F000F,0.0,0.0,1.1663249511892588,0.0
0080000F2008000F2007000F,0.0,0.0,1.8224999999999987,0.0
0090000F1008000F2008000F,0.0,-22.275000000000002,0.0,0.0
000F400D4000F00D4000F00D,40.500490985380885,0.0,0.0,0.0
1080000F2106000F3006000F,-15.191868289357924,0.0,0.0,0.0
00B6400F4330C00F4330C00F,0.0,0.0,8.1,0.0
00B7300F4330C00F4330C00F,0.0,0.10384731075915608,0.0,0.0
00A6200F4400B00F4400A00F,0.0,0.0,3.3295032324305227,0.0
0096100F2400900F3400900F,-2.16,0.0,0.0,0.0
0631000F2206000F2206000F,0.0,0.0,0.0,0.0
10A5200F4220B00F4400B00F,0.0,5.4,0.0,9.872377824461669
00A5300F3500A00F3500A00F,-13.79253958912503,-5.4,0.0,0.0
2094200F3400A00F3400A00F,0.0,-16.2,0.0,0.0
2094100F3400A00F3400A00F,-8.1,0.0,0.0,0.0
200F300F3500C00F3500C00F,0.0,0.0,-2.7,0.0
10B4200F3500C00F3500C00F,-16.2,0.0,0.0,0.0
100F600F3500E00F3500E00F,0.0,0.0,10.8,0.0
10A4100F3200A00F3200A00F,0.0,0.0,0.0,-8.1
00C4200F4200D00F4200D00F,0.0,0.0,0.0,0.0
100F300F4000F00E4000F00E,85.0654720818203,0.0,0.0,0.0
000F300F3000F00F3000F00E,0.0,-22.275000000000002,0.0,0.0
0090000F3007000F3007000F,8.740634486284037,0.0,0.0,0.0
0092000F2108000F2108000F,0.0,0.0,0.0,9.254022809037227
0092000F3008000F3008000F,0.0,0.0,12.088615692910293,0.0
0090000F2006000F2006000F,-5.4,-4.119094329987483,0.0,0.0
0096100F3300900F3300900F,-0.4281529987640802,0.0,0.0,12.158847285217192
10A3200F4400B00F4400B00F,-5.4,-5.4,0.0,0.0
1094100F3200900F4200900F,0.0,-21.6,0.0,-4.329470698978247
00A2000F200A000F200A000F,0.0,0.0,0.0,-81.0
000F000F300C000F300C000F,40.5063068717364,0.0,-38.43225720365536,0.0
0095100F3200900F4200900F,-11.756944037433314,0.0,7.068247295342939,-5.4
0091000F2008000F2008000F,0.0,0.0,0.0,4.158198371561191
1094100F4209000F3209000F,-10.8,-3.3905254232279547,8.70314009112931,-5.4
00A5200F4400A00F4400A00F,-8.1,0.0,0.0,16.2
00B3100F4200900F4200900F,-10.26207901014783,0.0,0.0,0.0
00B3100F3200900F4200A00F,0.0,0.0,1.8132580545988688,0.0
00C4600F3230C00F4230C00F,-0.988306535888467,0.0,0.0,14.246912349689405
00A3000F310A000F310A000F,-6.287942852844181,0.0,0.0,0.0
1094000F3309000F4309000F,0.0,0.0,0.0,-13.5
00B3100F3209000F4209000F,-6.256371687444732,0.0,0.0,0.0
1083000F3107000F3108000F,0.0,0.0,0.0,5.493910894405696
0060000F0060000F0060000F,0.0,0.0,0.0,-1.3827845154842864
00C2100F3200A00F4200A00F,-9.038713242919538,-8.633678004779538,5.94,-14.874973481480016
0520000F2050000F3050000F,0.0,0.0,0.0,13.690617454624658
0080000F1150000F1160000F,0.0,5.829341755644215,0.0,-5.4
10A5300F4220B00F4400B00F,-2.6641788429150575,0.0,0.0,0.0
0090000F2060000F3060000F,-18.44440380449531,0.0,0.0,0.0
0530000F2106000F3106000F,0.0,0.0,-10.8,0.0
0050000F0050000F0050000F,0.0,0.0,0.0,0.0
0081000F2106000F2106000F,37.80275570944303,-6.71660086046236,0.0,0.0
00B5200F4400B00F4400B00F,0.0,0.0,-8.1,0.0
00C6300F3330C00F3330C00F,-3.3809013933991694,0.0,9.814242758332906,1.0403850713965408
00A4100F3200B00F3200B00F,0.0,0.0,-0.5206478354624329,0.0
00C6300F3330D00F3330C00F,0.0,-2.7,0.0,12.44448805612638
00A7200F3230A00F3230A00F,-10.8,0.0,0.0,5.4
00C4600F3330D00F3330D00F,-0.3726956706646818,-2.429999999999999,-0.26999999999999985,0.0
00B3100F3309000F3309000F,0.0,0.0,0.0,8.440762499624984
0071000F1160000F1160000F,0.0,0.0,5.311958160774466,0.0
00B6100F2500B00F2500B00F,3.259256150084295,0.0,0.0,0.0
00B3000F3108000F3108000F,0.0,-11.861324728646258,0.0,0.0
00A4000F210A000F210A000F,0.0,-3.8012313609469843,0.0,-1.3340149629709561
0096000F4300900F4300900F,-11.117942389617316,10.591128469258825,0.0,0.0
00B2100F3300900F3200900F,-11.361904873794266,-4.683092909616716,0.0,0.0
0095100F4209000F4209000F,-13.219769976742077,0.0,0.0,5.027830723473789
0631000F2106000F2106000F,0.0,-3.926337739379504,0.0,0.0
00B3100F3200A00F3200A00F,-1.1060452173044577,16.2,0.0,0.0
00A6100F4400B00F4400B00F,-10.8,17.210010687356206,0.0,1.171857211749554
00B3100F4200900F4200A00F,0.0,-10.8,0.0,0.0
0092000F3009000F3009000F,0.0,0.0,0.0,-4.608057937590903
0530000F3050000F3150000F,0.0,0.9289570972185459,0.0,0.0
0091000F2106000F2107000F,0.0,0.0,-12.177665798566771,0.0
0095100F2400A00F2400900F,0.0,0.0,0.2798636180152007,0.0
00B2100F3209000F4209000F,0.0,0.0,0.0,0.0
1094100F4209000F4209000F,-11.262808237354816,0.0,0.0,10.8
00B3100F3400900F3400900F,-10.021242548459458,0.0,0.0,0.0
00B3100F2400A00F3400A00F,0.0,-3.0823349026693796,0.0,0.0
10A4000F3208000F3208000F,0.0,10.8,9.716793343081935,0.0
0520000F1160000F1150000F,0.0,3.1201403177300273,0.0,0.0
1095000F4200900F4200900F,0.0,0.0,-14.91890404654987,-10.864452569330165
0091000F1107000F1107000F,1.1837175649561404,0.0,0.0,0.0
1081000F3106000F3107000F,1.7175304358042431,0.0,0.0,0.0
