,k_means_000,k_means_025,k_means_050,k_means_075,k_means_100
00A6200F3410B00F4310B00F,18.184911470771308,1.498431036097167,7.587929606578825,4.299712350916274,4.6664996057119446
10A5200F4400A00F4400A00F,0.1626342311303437,0.5036049768425743,3.131302656800901,4.931814574318772,13.164783782291938
00B4400F4310C00F4310C00F,-21.13253276145712,-17.421701566683247,-15.61418217432283,-19.70361985662188,-8.481030784390612
00C5300F4400C00F4400C00F,-1.987710797865903,-3.1895418421135124,-1.4323983513620062,-0.9301703380714645,14.582381132609425
00C4500F4500C00F3410C00F,0.8180354106039186,15.999181772035291,1.2388435401517257,-1.5,3.4219383422022753
00C4500F4410D00F3410D00F,0.0,2.80914074298371,0.0,1.2000000000000002,0.0
00C4500F4320D00F3320D00F,11.834288664437334,-0.9,0.0,2.592642588957171,0.0
00C4500F4500D00F3320D00F,-0.0296625794187258,16.182966840287882,0.0,0.8226103087202219,0.0
0096200F3500A00F3500A00F,-3.9976202225487842,-1.8665174839703405,12.684846305665854,-3.9233865145244,-4.617338384344288
0093000F2207000F2207000F,-0.30000000000000004,1.1549881657215277,-0.30000000000000004,0.0,-0.13224584007358234
0092000F2207000F2207000F,6.579876030908493,-0.54,-0.3942631159712007,-0.1666517089359001,-1.092
00A2000F2208000F2208000F,5.609563073173628,13.342633148872498,2.7455803323617447,2.3656191179155885,2.4111670391706417
000C000F000C000F000C000F,4.378037823299694,2.4528897798757656,2.8190656301455705,2.5947771212933057,2.620730241686221
terminal,0.0,0.0,0.0,0.0,0.0
00C4400F4310C00F4310C00F,-0.0765964177445323,24.049008784951624,6.865845200004648,5.31858492207177,1.5279027022884777
00C4400F3500C00F4400C00F,0.0,1.8689274780066074,0.8084477216456505,22.66443588458161,3.8851811457080134
00C4500F4320C00F3320C00F,0.4294024435353463,0.43564618726652177,23.06167754788475,3.802444864595312,1.983651524555159
00C4500F4500D00F3500D00F,2.8811280757546407,0.0,-0.25826494767145924,0.0,0.0
0096100F1600A00F4400A00F,0.0,15.52032966702952,2.467355691730606,2.773031244004115,0.0
0095000F2209000F2209000F,0.6011262756336109,5.007016824551732,0.0,0.0,19.376655477967702
100B000F100B000F100B000F,2.1250886083005205,1.896572731144066,1.8011442383966192,1.7891855111861958,4.118887179222131
10C5400F4410C00F4410C00F,0.0,0.30000000000000004,8.427341532656879,-0.5700000000000001,0.0
00C5500F4420C00F4310D00F,-3.6,-1.583019666585,0.855613051865324,-0.29617504308837006,-0.30000000000000004
00C5500F4420D00F4310D00F,0.0,0.0,0.26302677865895796,0.0,0.0
00C4400F4210C00F4310C00F,-0.30000000000000004,0.0,0.0,0.0,0.0
00C5300F4400D00F4400D00F,-0.9283688242574093,-0.4223324922538333,-0.8148193759164479,-1.8,-1.4540865
00C5300F4310C00F4310C00F,0.021220288662792575,-2.1462712195563203,-0.10829054189653009,5.9261548768905135,-2.099121355796292
00C5300F4310D00F4310D00F,-4.801019793738398,-5.509133450673206,-4.816098467691681,-4.838872286827846,-5.3165343505486
00C4200F3400A00F4400A00F,-6.361939105679188,-6.469230057600001,-7.380479962402359,-6.872992096558117,-6.80253874411127
A531000F4320A00F4320A00F,0.0,0.0,0.0,0.0,0.0
8530000F4310800F4310800F,0.0,0.0,0.0,0.0,0.0
00A3000F3308000F3308000F,0.0,0.0,13.53154739870976,0.0,0.0
A200000F2207000F2207000F,18.464398591286365,4.871821989701475,4.0244662345795374,1.43956336297479,3.334543195797977
D000000FD000000FD000000F,2.721877866677681,4.681144123840479,2.652891360462718,2.538285999202763,2.7442187847508652
00A5100F4300A00F3400A00F,-0.6000000000000001,-0.546,11.543314236828396,0.0,2.111571825547751
00A5100F4300B00F3300B00F,-2.0153999999999996,-1.2177466456047035,-0.45926219421231984,4.462090950334462,-1.4923405409100003
00B6300F4210C00F4400C00F,0.0,-0.30000000000000004,0.0,0.0,3.3007015506914446
00C5400F4500C00F4500C00F,-0.32999999999999996,0.0,0.0,1.5342064072210089,0.0
00C4500F4400D00F4400D00F,-1.4003248217910842,-1.901859,-1.0720916943490235,-1.383,10.256669009547752
00B4500F3500B00F4400B00F,0.0,0.0,-0.6000000000000001,0.0,0.0
00B4500F2500B00F4400B00F,0.6000000000000001,0.0,0.0,-0.6000000000000001,-1.2000000000000002
00B5300F3410B00F3410B00F,0.0,0.0,-0.9,0.0,0.0
00B4000F3310900F3310900F,0.0,0.0,0.0,-2.58,0.0
8530000F3310900F3310900F,0.0,0.2465758084906259,0.0,0.0,0.0
8530000F4220900F4220900F,0.0,0.090566464116757,0.0,0.0,0.0
A530000F3230A00F3230A00F,0.0,0.18762769313862876,0.0,0.0,0.0
7510000F3208000F3208000F,0.0,15.543948580027198,0.0,0.0,0.0
8510000F3208000F3208000F,30.148659702692726,0.0,0.0,1.0420943470970927,0.0
00C4500F4410C00F4310C00F,0.41288550138740415,-2.958811873005627,0.9735218732584106,-3.7747302307803894,11.641393270381927
00C4500F4310C00F4310C00F,2.04249163381644,-0.9011269167267117,-0.8430000000000001,-2.5671000000000004,-1.5088200121771578
00C5300F4310D00F4310C00F,-1.25214,2.6198716939220703,-0.7923676276274042,-0.3735745380271679,-1.2000000000000002
00C6300F4500D00F4400D00F,-1.2839106611159035,-1.2408000000000001,-1.8,-3.3553696675327265,-1.8
00C6300F4400D00F4400D00F,-0.9,-0.6000000000000001,-0.9,-2.34,-1.08
9530000F3220900F3220900F,0.0,0.0,0.0,0.0,0.0
B451000F4230C00F4230C00F,0.0,0.0,0.0,0.0,0.0
8520000F3400900F3400900F,0.0,0.0,3.986171026893903,0.0,0.0
0632000F3207000F3207000F,9.947765694831388,0.0,0.0,0.0,0.0
8200000F2206000F2206000F,27.479764744096258,0.0,0.0,1.9839698300132378,0.0
00C6300F4320D00F4220D00F,-1.4293974,0.1353436560292629,-0.6000000000000001,-0.6374985283105508,-1.00158064885879
00C4500F3500D00F3500D00F,-1.6114805397464882,-1.730943443759835,0.044717131608109556,1.8293098474497458,-2.0277203612348
7520000F2408000F3408000F,0.25392509213991993,0.0,0.0,0.0,0.0
A441000F3330B00F3330B00F,0.0,0.024417842121000004,0.0,0.0,0.0
A530000F3220B00F3220B00F,4.912324901348029,0.0,0.0,0.0,0.0
00C5300F4410C00F4310C00F,-2.5635827994535583,1.6691881389204917,-3.8249119263070073,-2.737812016307623,-2.2549851843569386
00C4500F4500D00F3410D00F,0.0,0.0,5.686153930040804,0.0,0.0
00C4500F5400D00F3410D00F,-0.4707100494483427,-0.9,9.080186357354291,-1.1859146954837356,-0.46561151418580843
00C3200F4400A00F3500A00F,-3.653075721914569,-4.626093416151947,-4.8902801398033295,-4.5670718779578445,-4.769209154072678
0097100F4400A00F4400A00F,2.7006879655146188,-0.9063635799297385,-1.146,-0.5406363579929739,-0.9
00C6300F4310C00F4310C00F,-2.4000000000000004,-0.6000000000000001,2.798393504094888,0.24364887461964702,15.58710113744617
00C4500F5400D00F4310D00F,-1.9497947495227088,-2.5756084383,-2.52114,-2.6801326939617476,5.8271725246533235
0734000F3408000F3408000F,-0.897782600508916,-0.30000000000000004,0.0,-0.30000000000000004,-1.4515706485690822
B630000F4220B00F4220B00F,0.0,0.0,0.0,0.0,0.0
A540000F4400B00F4220B00F,0.49541964763384183,0.0,0.0,0.0,0.0
C320000F3400A00F3400A00F,0.0,5.504662751487131,19.579963929548168,0.0,0.0
00C4500F4410C00F3410C00F,3.369937068807694,14.879364669752515,0.4773997585843461,0.9760773751758673,0.0
00C3200F3400900F3310900F,-0.6817838993968568,-0.924767109591719,1.6220232561806438,-0.7753238083987947,-1.2203235780000001
0096200F3500900F3320900F,-0.5839605789552514,1.5315739721013908,0.0,17.54073739185242,-0.34548279027273243
0097100F1240A00F4400A00F,0.0,1.8,17.277221721355026,0.0,1.236268468383583
00C4500F2340D00F4040D00F,0.0,0.0,7.1561089365987485,0.0,0.0
00A2000F2108000F2108000F,0.0,19.033534815628947,0.0,0.0,0.0
00A6100F3400A00F3400A00F,-1.1728248000000001,0.0,-0.279026721381236,0.0,0.0
00C6300F4400C00F4400C00F,-0.9,-0.9,-0.26874107971162364,-0.30000000000000004,-2.0100000000000002
00C5300F4500D00F4400D00F,-1.7190000000000003,-2.148,-1.4400000000000002,-2.7186074125428696,-2.1
B230000F4300900F4300800F,0.22173994910840295,0.0,0.0,0.0,0.0
A450000F4410B00F4410B00F,0.0,0.0,0.0,0.0,0.0
00A6300F4310A00F4310A00F,0.0,0.0,0.0,0.0,0.0
00A4000F3308000F3308000F,0.0,21.331885187109872,0.0,0.6291000000000001,0.0
00C6300F4310D00F4310D00F,-0.9,-0.5461975945940132,1.0813241946403513,-1.3331771153528438,-1.2000000000000002
00C6300F4320D00F4320C00F,0.0,0.0,0.0,-0.30000000000000004,0.0
00C3200F3400A00F4400A00F,-2.6910000000000003,-2.04,-1.953312458107316,-2.2450737229250066,-2.5749341527835874
00C3200F3500A00F4400A00F,-2.532395819671456,0.3466203141809423,-3.9566082579527384,-4.900134726458024,-3.123538635880288
0622000F2106000F2106000F,3.169740161526766,-0.39016151865269505,-0.54,0.0,-0.546
00A5200F4300B00F3300B00F,-0.7589999999999999,0.0,2.0211278575991556,-1.444850955351634,-0.16935000000000006
00A5100F3300B00F3400B00F,0.0,0.0,-0.16989049200000006,0.0,2.6559125588129016
00B5400F4500C00F4500C00F,0.0,0.019974340722100914,0.0,0.02700000000000001,0.0
00C6300F3500D00F3500D00F,0.0,3.477873014743418,-0.6000000000000001,-0.6874919548745165,-0.6000000000000001
00C6300F3500D00F3600D00F,-1.8,-1.2000000000000002,-0.7981248295622335,-0.8777300389847139,-0.8890418226
0620000F1160000F1160000F,-0.021096908039386297,-0.6000000000000001,-0.8400000000000001,-0.6000000000000001,-0.792
0630000F1160000F1160000F,-0.26836974,0.0,0.0,-0.6000000000000001,2.407345707603085
00A5100F4400A00F3400A00F,-13.973025283082631,-13.597075619657875,-14.388607175403331,-14.081879435283664,-6.984977614364363
00C5300F4320D00F4220D00F,0.0,0.0,-0.7410000000000001,0.0,0.0
0094000F310A000F310A000F,0.0,0.0,18.35123525006877,-0.6000000000000001,0.0
0095000F3209000F3209000F,2.0479724527791876,1.2498358884458445,14.94524600320667,-0.9064090425862171,1.2606669827237447
00A2000F2109000F2109000F,0.0,1.443179041820515,19.63005134453806,2.0369098306835074,0.0
1000F00F1000F00F1000F00F,2.774420570331542,1.676050844840998,1.5470231766543667,1.0402331110532959,1.527532260200175
00C6400F4410C00F4410C00F,1.0755203138999994,-2.838,0.0,-1.2000000000000002,-1.5
00C6400F4410D00F4410D00F,2.8200000000000003,0.0,0.0,0.0,0.0
00B6300F3310C00F4310C00F,-0.6000000000000001,1.212415303011342,-0.6000000000000001,-1.9890453498766634,-1.8
00B6300F4210C00F4310C00F,0.0,0.0,0.0,1.8654108705828916,-0.9
00C4500F4500C00F4310C00F,-1.15194,-0.546,12.705650993058798,-0.06561600976031803,0.08103364709142047
00C3200F4400A00F3310A00F,-0.14280774811731334,-0.6270000000000001,-0.9540000000000002,-1.1013668498036868,0.8014344513932641
B452000F4330C00F4330C00F,0.0,0.0,0.0,0.0,0.0
9520000F4300900F4300900F,2.115826315191302,0.0,0.0,0.0,0.0
00C4400F4400D00F4400D00F,-0.19667790635455462,-0.4463008662426912,-0.9933326968665518,5.1067876797531415,-0.3087434241515843
00C3500F3500D00F4400D00F,2.430912334471188,-0.08880569952600004,0.0,0.0,13.05666139198682
00A6100F3400A00F4300A00F,0.0,0.0,-0.984,-0.30000000000000004,0.0
00B7200F4310B00F4310B00F,-3.1148400000000005,-1.3800000000000001,-1.9474071008536453,-1.9508076505200378,-2.4000000000000004
C541000F4410C00F4510C00F,0.0,0.0,0.0,0.0,0.0
C631000F4320C00F4320C00F,2.219182276415633,0.0,0.0,0.0,0.0
A210000F2308000F2308000F,2.555440716969594,0.0,0.0,0.0,0.0
00D4400F4310D00F4310D00F,-3.0,-1.2000000000000002,1.2000000000000002,-2.946,0.0
00A5200F4400A00F4400A00F,0.0,0.0,0.0,-1.03584,0.0
00C4500F4320C00F3320D00F,0.0,0.0,0.0,22.3020662185557,0.14290671476545946
0096200F3400A00F3500A00F,-0.6000000000000001,0.0,8.683360126597648,0.0,2.4339046083816767
0085000F3209000F3209000F,0.0,22.79008049466899,2.5841003081707297,0.0,0.0
0095000F220A000F220A000F,-0.30000000000000004,2.753805584888614,4.930100951928483,16.31480587267478,1.1185246912510847
00C4500F4500D00F3410C00F,0.0,0.0,0.0,10.363737827515848,0.0
00C4500F4410D00F4310D00F,0.0,0.0,0.0,0.6000000000000001,4.050000000000001
00A5200F4400A00F4400B00F,0.0,0.0,0.0,1.7400000000000002,0.0
00D4200F4400B00F4400B00F,-0.9408000000000001,-0.9,0.0,0.0,0.0
00A6200F4400B00F4400B00F,-1.5,0.0,0.0,0.0,0.1289999999999999
00A6200F4400B00F3400B00F,0.0,2.4000000000000004,0.0,0.0,0.0
00A6200F3500B00F4400B00F,0.9810000000000001,-0.30000000000000004,0.0,-0.6000000000000001,-0.30000000000000004
00B3400F4300B00F4300B00F,-0.6000000000000001,0.0,0.0,0.0,0.0
0086100F3309000F3309000F,0.6000000000000001,-0.15852154155241566,-0.6000000000000001,0.0,0.0
1000F00E1000F00E1000F00E,2.177268998099487,2.0403508092205915,2.8263510021808997,4.418531104973955,1.9648390521550168
00A6200F4310A00F4310A00F,-1.4400000000000002,0.0,0.0,0.0,0.0
00C4200F4310A00F4310A00F,0.0,3.1452,0.0,0.0,0.0
00A4000F3308000F3408000F,0.0,-2.2800000000000002,0.0,0.0,0.0
00B4000F3408000F3408000F,0.0,-1.77,0.0,0.0,-0.6000000000000001
A320000F3308000F3308000F,0.0,0.0,0.0,0.0,0.0
A531000F4310B00F4310B00F,0.0,0.0,0.0,0.0,0.0
00B6300F4310C00F4310C00F,-1.8,0.0,0.0,0.0,0.0
00B6400F4410C00F4310C00F,1.6821992137731285,0.0,0.0,0.0,0.0
00C3500F3500D00F4300D00F,-0.6000000000000001,0.0,0.0,0.0,0.0
00B6100F4300B00F4300B00F,0.6000000000000001,0.0,0.0,-1.0985745,-1.133022771886086
0091000F2107000F1107000F,-0.023407386724033974,0.0,3.655242949465036,0.0,-0.2955774
0092000F2107000F1107000F,0.0,0.0,12.076679473836602,0.0,0.0
0096200F3320900F3320900F,0.0,0.0,0.0,13.432517300557887,0.0
00A2000F3008000F3108000F,0.0,0.7725462000000001,0.0,1.2000000000000002,0.0
00C4200F4310900F4310900F,-3.039397887814168,-2.154432176900604,-3.053445144043962,-1.621939768095,-2.312221817945752
00C3200F3500900F3310900F,1.571132538895879,0.0,0.0,0.0,0.0
9620000F3500A00F3500A00F,0.0,0.0,0.5475060471812419,0.0,0.0
A630000F4400A00F4400A00F,0.0,0.0,0.0,0.0,0.0
A210000F3308000F3308000F,0.0,0.0,0.0,0.0,0.0
7500000F3207000F3207000F,0.0,23.32000145199489,0.0,0.0,8.04871217517918
00C4500F2340C00F4040D00F,0.7080000000000001,0.0,-0.6000000000000001,18.025220748175744,0.0
00C4500F2340D00F4400D00F,0.0,17.927127581049632,0.30000000000000004,0.0,0.0
0092000F2107000F2107000F,8.170027766020185,0.0,1.4618400000000003,2.7169939163548733,0.0
0082000F2107000F2107000F,0.0,4.367150225499218,-0.30000000000000004,0.0,0.0
1080000F1080000F0090000F,1.2503781053913368,3.516660349077924,0.23662418261664622,1.7205409818697017,0.13324086517638511
00C3200F4310900F4310900F,-4.93374,-3.2702913385500003,-4.312492801448569,-2.3858269547999997,-3.7686
00C4100F4310A00F4310A00F,-2.9370000000000003,-1.538719126462945,-3.71566848,-3.99015,-2.4000000000000004
00B6300F4400B00F4400B00F,0.0,-1.9800000000000002,-2.52,-0.30000000000000004,-1.2000000000000002
A440000F4410B00F4410B00F,0.0,0.0,0.0,0.0,0.0
9440000F4310A00F4310A00F,0.0,0.0,0.0,0.0,0.0
0096100F4400900F4400900F,0.0,2.7,0.0,0.0,0.0
00A2000F3207000F3207000F,0.0,0.0,0.0,6.889014472027025,0.0
00C6300F4320C00F4320C00F,0.0,-0.30000000000000004,0.0,0.0,12.793767577304477
00C4500F3500D00F3320D00F,0.5926632639847642,1.0048608760284181,-0.9535101247506345,1.0079614284480138,15.110713591828938
00C6300F4400D00F4500D00F,-2.324906290848012,-2.3750400000000003,-1.9694209939413174,-2.6283966295823404,-1.9314
00B6300F4220B00F4220B00F,-0.30000000000000004,0.0,0.0,0.0,0.0
A341000F3330B00F3330B00F,0.0,0.0,0.38635251280987604,0.0,0.0
A540000F3220A00F3220A00F,0.0,0.0,2.13534651382936,0.0,0.0
00C4500F4400D00F3500D00F,-1.1400000000000001,-0.6000000000000001,-0.6000000000000001,0.37727169340095756,0.0
00C4400F4400D00F4300D00F,0.0,0.8400000000000001,4.29001095959628,0.0,0.0
7340000F3308000F3308000F,0.0,0.0,0.0,0.0,0.0
8440000F1330900F1330900F,0.0,0.0,0.1113254677376311,0.0,0.0
C432000F3330C00F3330C00F,0.0,0.0,0.0,0.0,2.5236263710657694
9520000F3400A00F3400A00F,0.0,16.477522423254836,0.0,0.0,0.0
00C4500F4500D00F4310D00F,0.0,0.0,0.9816481062538172,0.33905689335812744,0.0
C442000F3240D00F3240D00F,0.28438702674441846,0.0,0.0,0.0,0.0
9520000F2400900F2400900F,0.0,0.0,0.0,0.0,6.229083861353466
9200000F3207000F3207000F,0.0,28.77763119258966,0.0,0.0,0.0
00B4500F4500C00F3500C00F,0.0,0.0,0.0,0.6000000000000001,3.1405380000000003
00C4500F3500C00F3500C00F,0.0,0.0,0.0,0.0,3.2951628366542827
00B4600F4230C00F4230C00F,0.0,0.0,0.8372999999999999,-0.30000000000000004,0.0
0092000F3108000F3108000F,0.0,0.0,-0.5165700000000001,0.3402273684814837,0.0
0092000F2108000F2108000F,3.0915974919616946,0.0,0.0,0.0,0.04871710238746172
0096100F2230A00F4400A00F,0.0,0.0,13.077583472731066,0.0,0.0
00A4000F210A000F210A000F,0.0,0.0,22.104641665565623,1.9119700740272294,0.0
1000F00B1000F00B1000F00B,0.10476261430015295,0.0,0.0,3.315481870969544,0.0
10A5200F4300A00F4400A00F,0.0,0.0,0.0,0.0,1.9104
00A5100F3300B00F4300B00F,-0.19199999999999998,3.82423631779715,0.423183463424731,0.0,0.0
0091000F2007000F2007000F,0.0,0.0,0.0,0.0,0.0
0091000F3007000F3007000F,-0.6000000000000001,0.0,0.0,1.32,0.0
0091000F3007000F3107000F,0.4704185454605498,-0.0027000000000000023,1.4418638772079153,0.0,0.0
00C3200F3400900F3410900F,0.29768458872282877,0.0,0.0,0.0,7.68721100858941
0097100F2240900F4040900F,0.0,0.6000000000000001,0.0,0.0,9.55772233029271
1000F00F1000F00F100F000F,1.1090964835458244,0.6621247319076627,4.082068268822328,0.927673690141836,0.6955576996004161
00A6100F3300A00F3400A00F,-1.35710417535,0.0,0.0,0.27025056524044844,0.0
00B6300F4400C00F4400C00F,0.0,0.0,0.0,0.0,2.695987918123003
00C6300F4310D00F4310C00F,-0.9,0.0,0.0,0.0,0.0
00C6300F3410D00F3410C00F,0.0,0.0,2.173290571037089,0.0,0.0
00B4100F4310900F4310900F,-1.6987650000000003,-1.9367141441705602,-1.9596,-1.27146,-1.7441221279135302
00C3200F3310900F4210900F,0.0,-0.18742607508453224,-0.546,0.7214044415427522,-0.27491630609340656
B451000F4330C00F4330C00F,0.0,0.3146722329770242,0.0,0.0,0.0
A530000F3220A00F3220A00F,0.0,0.0,0.05661900000000001,0.0,0.0
0094000F3109000F3109000F,0.21724207462860712,0.5176601914395081,23.51862738159077,0.3911349318240562,0.0
00A2000F3108000F3108000F,1.0908180107914216,0.0,0.0,0.0,16.729933449096137
00C6300F4320C00F4220C00F,-0.5892128496950328,-0.4108141180933762,-0.4835906647612824,1.8397862774705225,0.05999999999999994
00A5200F3300B00F3300B00F,0.0,0.0,0.0,-0.6000000000000001,0.0
00A5100F3300B00F3300B00F,0.0,-0.6000000000000001,0.0,0.0,1.427529627587334
00A1000F3107000F3107000F,-1.2000000000000002,0.0,0.0,0.0,0.0
00A2000F2207000F2207000F,0.0,1.7563249745336509,0.0,-0.9030000000000002,-0.573
00B5400F4220C00F4320C00F,0.0,3.10109508,0.0,-0.2541,0.0
00C4600F4230C00F4230C00F,-1.45032363387,-0.6000000000000001,-0.17044012334628733,-0.8513837234708623,-2.2505700000000006
9520000F3400900F3400900F,0.0,0.0,0.0,11.236428490961773,0.0
9210000F3207000F3207000F,0.0,0.0,0.0,0.0,15.023727895011476
00C4500F2700D00F4400D00F,15.669533414666548,0.0,1.0100377289832694,-0.875373,0.0
0092000F1107000F1107000F,0.0,0.0,7.245404922052714,0.0,-0.492
B541000F3510C00F3510C00F,0.0,0.0,0.0,0.0,0.09943027123892913
A630000F4310A00F4310A00F,0.0,0.0,0.0,0.9058065515434482,0.0
C320000F3400900F3400900F,0.0,4.5593197538266095,0.0,0.0,0.0
00C4500F4500D00F4310C00F,0.0,0.0,0.0,-0.25951367105314543,6.603377662594992
7520000F3408000F3408000F,0.0,0.0,0.0,0.0,0.0
9520000F4300900F3400900F,0.0,2.468630944470133,0.0,0.0,0.0
00B5400F3420C00F4320C00F,0.0,0.0,0.0,2.40470373,0.0
00C5400F4320C00F4320C00F,0.0,-0.7080000000000001,0.0,-1.20350787,-1.5
C230000F4220900F4210900F,0.0,0.0,0.0,0.0,0.0
C531000F4320C00F4320C00F,0.0,0.0,0.0,0.0,0.0
0096100F4300900F4300900F,5.803685715192994,0.0,8.785037182947434,0.0,0.0
00C4500F4400D00F4500D00F,0.0,0.0,-0.8813263782624956,-1.52241,0.0
B631000F4320C00F4320C00F,0.0,0.0,0.0,0.0,1.6966791336497111
8530000F3220900F3220900F,0.0,0.0,0.0,0.0,0.0
00A2000F2108000F3108000F,0.0,0.0,0.0,0.0,3.5111236337582614
00B4100F3200C00F3200C00F,0.0,0.0,0.0,18.93901372999151,0.0
00A2000F3009000F3009000F,0.0,0.0,0.0,0.0,3.1522069126328773
0080000F0080000F0090000F,0.0,3.646319442827478,0.10663177655909165,0.2903550769092573,0.0
00C6300F4320D00F3320D00F,0.0,0.0,2.12421,0.0,0.0
0091000F2107000F2107000F,1.3662023991200622,7.234000111220501,0.0,0.16602285656983323,-0.02935663822701731
00B5200F3300B00F4300B00F,0.0,0.6000000000000001,0.0,0.0,-1.8
00A6100F4300A00F3400A00F,0.0,0.0,0.30000000000000004,0.0,0.0
0530000F2050000F3050000F,0.39893242595293493,0.0,0.0,0.0,0.0
00A2000F2208000F2207000F,0.0,-0.004467976076218338,0.0,0.0,0.0
00C5400F4400C00F4500C00F,0.0,0.0,0.0,1.649628295707951,0.0
00A5100F4300B00F4300B00F,0.0,0.1678371453199358,2.196099149951017,0.0,0.0
00B6300F3410B00F3410B00F,0.0,2.848353665013941,-0.6006985447564864,0.0,-1.7400000000000002
0530000F2150000F2150000F,0.0,0.0,0.0,0.0,1.2000000000000002
0631000F2106000F2106000F,1.2065133916238109,-0.22006173664819842,-0.30000000000000004,-0.47231753599041837,-0.6000000000000001
00A2000F2108000F2208000F,0.0,0.0,0.0,0.0,8.84243353158669
A531000F4220B00F4220B00F,0.0,0.0,0.0,0.0,0.0
C622000F4330C00F4330C00F,0.0,0.0,0.6273653865295015,0.0,0.0
00A2000F2109000F2108000F,0.0,0.0,0.0,2.5060037624632043,0.0
0080000F0080000F0080000F,4.137194524760288,0.671657348666419,0.5628550998832788,0.5170978411632299,0.7718364889650852
00B4400F4220C00F4320C00F,0.0,0.681,0.0,0.0,0.0
A540000F4220B00F4220B00F,0.0,0.0,0.0,0.0,0.0
B631000F4330C00F4330C00F,0.0,0.0,0.0,0.0,0.061014519881641444
0096100F3400900F3400900F,0.0,3.7256527834003244,0.0,0.0,0.0
00B5400F4220C00F4500C00F,0.0,0.0,0.40800884492940614,0.0,0.0
00C3600F4230C00F4330C00F,-1.8,0.0,0.0,-1.8027000000000002,-2.0100000000000002
A350000F4330B00F4330B00F,0.0,0.0,0.0,0.0,0.0
00B3600F4230C00F4330C00F,0.0,0.0,-0.6000000000000001,0.0,0.0
00B3600F4330C00F4330C00F,0.0,0.0,0.5803617750665462,0.0,0.0
00B4400F4320C00F4320C00F,-0.6000000000000001,0.0,0.0,0.0,1.9418736212742282
A630000F4320B00F4320B00F,0.0,0.0,0.0,0.0,0.029167913993982518
A530000F4310A00F4310A00F,0.0,0.0,0.0,0.0,0.0
00A4000F3308000F3208000F,0.0,8.006916513361487,0.0,0.0,0.0
00B5400F4320C00F4320C00F,0.0,-1.5,0.0,0.0,0.6000000000000001
9520000F3300900F3300900F,0.0,0.0,0.0,4.984076667525979,0.0
00A1000F2107000F2107000F,0.0,2.427,0.0,0.0,0.0
C451000F4330C00F4330C00F,0.0,0.0,0.012150000000000001,0.0,0.0
00C4400F4400C00F4400C00F,0.0,-0.9064908268916032,-0.4260938601615454,2.6558393258401054,-1.9832513082549075
00C4100F4400A00F4400A00F,-1.72326,-2.4000000000000004,-2.52,-1.2216,-0.6000000000000001
A531000F4420A00F4310A00F,0.0,0.0,0.0,0.0,0.0
B532000F4420C00F4420C00F,0.0,1.143154739870976,0.0,0.0,0.0
0092000F3207000F3207000F,13.044695742814477,0.0,0.0,0.0,0.0
00C5300F4210C00F4310C00F,0.0,0.0,0.0,-0.02999999999999997,0.0
00B6300F4210C00F4210C00F,-1.3504012081876997,-1.2000000000000002,0.0,0.0,0.0
00C5300F4500C00F4400C00F,-0.54,0.0,0.0,0.14583052467806656,0.0
00A4100F3200B00F3200B00F,18.02904811473602,0.0,0.0,0.0,0.0
00C4500F4400D00F4400C00F,0.0,0.0,0.0,0.0,-0.7449120000000001
00A5200F4400B00F4400B00F,0.0,-0.8730000000000001,0.0,0.0,-0.6300000000000001
00A6200F4400B00F3500B00F,0.0,0.0,0.0,0.0,0.0
0091000F3008000F3008000F,0.0,0.0,0.0,0.16602285656983323,0.0
00D5300F4400D00F4400D00F,0.0,0.0,-2.4000000000000004,-0.9,0.0
00A7200F4410A00F4410A00F,0.0,0.0,0.0,0.0,0.0
10A6200F4310A00F4310A00F,0.0,0.0,0.0,0.0,0.0
1094000F3308000F3308000F,7.1338939013703895,0.0,0.0,0.0,0.0
0092000F3207000F2207000F,1.2829366970933238,0.0,0.0,0.0,0.0
0097100F1600A00F4400A00F,15.463661607012387,1.3476941182878859,0.6279316881731346,1.3059892702692313,0.0
7200000F3150000F3150000F,0.0,0.0,9.50285554891667,0.0,0.0
C450000F1700D00F4400D00F,0.0,0.0,0.0,0.0,0.06780407242199991
9510000F4300900F4300900F,0.0,0.0,2.504156510566319,0.0,0.0
00C3200F3400A00F3310A00F,0.0,0.0,0.0,0.30000000000000004,0.0
00C3200F3400A00F3500A00F,0.0,-0.42615403390471784,-0.6000000000000001,-0.005400000000000005,-0.8547256452890004
00B5300F4500C00F4400C00F,0.0,-0.5169587541425614,0.0,0.0,0.0
00A3000F3209000F2209000F,0.0,0.0,0.0,-0.6000000000000001,0.0
0091000F3107000F3107000F,0.6000000000000001,0.0,0.0,0.0,-0.5426916899988777
B440000F1330B00F1330B00F,0.0,0.0,0.02592517195488687,0.0,0.0
A350000F3500B00F3500B00F,0.0,0.0,2.992004382414673,0.0,0.0
0096200F4400A00F3500A00F,2.0952527434358243,-0.158115,0.0,0.0,0.0
0096100F4400A00F4400A00F,-0.6000000000000001,0.0,0.0,0.0,5.662910223123772
00C4200F3310A00F4400A00F,-3.3767019498345654,-2.7,-2.871094921702731,-2.617823239415472,-0.9347531801029589
8521000F3220900F3220900F,0.0,0.24637772123155882,0.0,0.0,0.0
00C3100F3300900F3300900F,0.0,0.0,0.0,2.7479008159814153,0.0
0096200F3400900F3310900F,0.0,0.0,0.0,0.0,5.8435164307228415
00C3500F3500C00F4400C00F,0.0,0.0,1.6770796095846432,0.0,0.0
00C4500F2700D00F4040D00F,0.0,0.0,0.0,0.9297093705370107,0.0
00C4400F4410C00F4410C00F,-5.3100000000000005,0.0,0.0,0.0,-0.30000000000000004
00B5500F4420B00F4420B00F,0.0,0.0,0.0,0.0,0.0
0096200F4410A00F4410A00F,0.0,0.0,0.0,0.0,0.0
1094000F3307000F3307000F,0.0,0.0,0.0,0.0,2.4000000000000004
10B4100F3400A00F3400A00F,0.0,10.159853416467962,0.0,0.0,0.0
0093000F3009000F3009000F,0.0,0.0,1.1073324416112633,0.0,-0.340357617848894
00C3600F3330C00F4130C00F,-0.2709256348739815,-0.30000000000000004,-0.6000000000000001,0.0,-0.8323175359904182
00C3200F3500900F3410900F,0.0,0.0,0.0,0.0642975643664937,0.0
0000F00F0000F00F0000F00F,0.1606779753330989,0.0,3.7663003046184644,0.0,0.0
00C4500F2700D00F2700D00F,0.13338000000000003,0.0,1.118467270497724,0.0,0.0
0095000F3408000F3308000F,-1.2000000000000002,0.0,0.0,0.0,0.0
0095000F3308000F3308000F,0.0,0.0,0.0,-0.30000000000000004,-3.0
9630000F4310900F4310900F,0.0,0.0,0.0,0.0,0.0
00B6500F4410B00F4410B00F,0.0,0.0,0.0,0.0,0.0
00B3100F3400900F3400900F,0.0,2.1,0.0,0.0,0.0
0094000F3308000F3308000F,0.0,0.0,0.0,0.0,7.485296972579516
00C4400F4300D00F4300D00F,0.0,0.0,0.9374803024361864,0.0,0.0
0096200F3400900F3320900F,0.0,0.0,2.778757013897387,0.0,0.0
0093000F3207000F3207000F,0.0,0.0,0.0,1.2568031600212324,0.0
0093000F2208000F3108000F,0.0,0.0,0.0,0.0,0.39036451833213703
0091000F1107000F1107000F,0.0,1.3216040578512764,0.0,-1.2000000000000002,0.0
0097100F4400900F4400900F,3.8254958816493616,0.0,0.0,0.0,0.0
10B4400F4310B00F4310B00F,0.0,0.0,-1.8687443568933695,0.0,0.0
00C5400F3320C00F3320C00F,0.0,0.0,-0.9,0.0,0.0
C452000F3330C00F3330C00F,0.0,0.0,0.0,0.0,1.022512424610144
9230000F3308000F3308000F,0.0,0.0,0.0,0.0,0.0
D330000F4400A00F4400A00F,0.0,0.0,0.0,0.0,0.0
00C6400F4510C00F4510C00F,0.0,0.0,0.0,0.0,0.0
00A4000F3208000F3208000F,0.0,18.868408265094494,0.0,0.0,0.0
C531000F4320D00F4320C00F,0.0,0.0,0.0,0.0,0.0
0096200F3400A00F3310A00F,-1.332979807528987,0.0,0.0,0.0,0.6766633302102444
0734000F3408000F3308000F,0.0,0.0,0.0,0.0,-0.30000000000000004
0725000F3308000F3308000F,0.0,0.0,0.0,-1.2000000000000002,0.0
00B5000F4210900F4210900F,0.0,-0.8970832086006019,0.0,0.0,0.0
B220000F4300900F4300900F,0.0,0.0,0.0,0.9943027123892912,0.0
00A3000F3208000F3208000F,0.0,0.0,0.0,4.579157018675504,0.0
00B5100F3200B00F3200B00F,-0.6000000000000001,0.0,8.072433584309893,-0.3757556682983927,0.0
0096100F2600A00F4400A00F,0.0,0.0,0.0,14.075915652812967,0.0
100E000F100E000F100F000F,0.0,0.0,0.0,0.0,1.5587878593594398
00C4100F4310900F4310900F,0.0,0.0,0.0,0.0,0.0
00B6400F4320C00F4420C00F,0.0,0.0,0.0,0.0,0.0
10A6200F4320A00F4320A00F,0.0,4.800000000000001,0.0,0.0,0.0
00C3100F3400A00F3400A00F,0.0,0.0,5.886274713973841,0.0,0.0
A440000F4410A00F4410A00F,0.0,0.0,0.0,0.0,0.0
0092000F3207000F3206000F,8.676489038488223,0.0,0.0,0.0,0.0
0732000F3207000F3207000F,0.0,0.0,0.0,6.090942722649743,0.0
00C4500F2340C00F4040C00F,0.0,19.331045520025945,0.0,1.6549627016730477,0.0
A350000F3330B00F3330B00F,0.0,0.0,0.0,0.0,0.0
C631000F4420C00F4420C00F,0.0,0.0,0.0,0.0,0.9943027123892911
00C4100F4210900F4310900F,0.0,0.0,0.0,0.0,0.0
00B5500F4330B00F4330B00F,0.0,0.0,0.0,0.0,0.0
0096200F3400A00F3400A00F,0.0,0.0,0.0,0.0,0.0
1086100F3400900F3400900F,0.0,0.0,0.0,0.0,0.0
0083000F3207000F3207000F,0.0,0.0,0.0,0.0,11.45881259200044
0723000F3207000F3207000F,-0.6000000000000001,0.0,0.0,2.5901810605135136,0.0
8200000F2106000F2106000F,0.0,5.545897590179145,0.0,0.0,0.0
0096000F3209000F3209000F,0.0,0.0,0.0,3.27047879949596,0.0
9540000F4220900F4220900F,0.0,0.0,0.0,0.0,0.0
C532000F3520C00F4420C00F,0.0,0.0,0.0,0.0,0.0
D240000F4220B00F4220B00F,0.0,0.0,0.0,0.7281303353940852,0.0
00C3200F3310900F4310900F,0.0,0.0,0.0,0.0,0.7731648
00C4200F3310A00F4310A00F,-0.9362479020600001,-0.8989644544816107,-0.6000000000000001,-1.8916895119281056,-0.30000000000000004
00C6300F3500D00F3410D00F,-0.4250266513466201,0.0,-0.5315888392132051,0.0,2.0830354967101017
00C5300F4320C00F4320C00F,0.0,0.0,0.0,0.0,0.33884841755294987
B441000F3500B00F3220B00F,0.0,4.8037639028333325,0.0,0.0,0.0
00B3600F3330C00F4230C00F,0.0,0.0,0.6000000000000001,-0.8959772631518517,0.0
00C3600F3330C00F3330C00F,0.0,1.3788688552012942,0.0,0.0,0.0
00B5300F4310C00F4310C00F,0.0,-0.6000000000000001,0.0,0.0,0.0
00B5300F4400C00F4400C00F,1.2761569585252392,-0.6000000000000001,0.0,0.0,0.0
0096200F3500900F3310900F,0.0,-0.19531553906679938,3.3742738494216464,0.0,0.0
B230000F4210900F4210900F,0.0,0.0,0.0,0.07083889088163003,0.0
00C4500F5400D00F4400D00F,0.0,-0.09882930277319756,0.0,0.0,0.0
0734000F3308000F3308000F,-1.1746856155158005,-1.7070000000000003,-1.4355554558505497,-1.9860000000000002,-1.890847593606425
00B5100F3300B00F4300B00F,0.0,0.0,0.7898400000000001,0.0,0.0
00B3000F3208000F3208000F,0.0,-1.092,0.0,0.5304088228587472,0.0
00B4100F3200B00F3200B00F,0.0,0.0,0.0,6.557023682481216,0.0
9350000F4130900F4130900F,0.0,0.0,0.0,0.0,0.0
A530000F3230A00F4130A00F,0.0,0.0,0.0,0.0,1.5126156863928113
00B4200F4310900F4310900F,0.0,2.8480405156254127,0.0,0.0,0.0
00A2000F3008000F3008000F,0.0,2.3758607228116486,0.0,0.0,0.0
00A2000F2108000F2109000F,0.6161313799633569,0.0,0.0,0.0,0.0
00C5300F4310D00F4410D00F,0.0,0.0,0.0,0.0,-0.9724697422639608
00C4400F4410C00F4310C00F,-2.65616809548,0.0,0.0,0.719089258791226,-3.1989806138550003
A531000F4220B00F4320B00F,0.0,0.0,0.0,0.0,0.0
9320000F3308000F3308000F,0.0,0.0,0.0,0.0,0.0
B631000F4230C00F4230C00F,0.0,0.0,0.0,0.0,0.055500857744770364
C531000F4320D00F4320D00F,0.0,0.0,0.07505045112333507,0.0,0.0
00B6300F3410B00F4310B00F,-1.8,0.5552025031711008,0.0,0.0,0.0
7300000F2206000F2206000F,0.0,0.0,0.0,2.0122592793151566,0.0
0096200F3310900F3310900F,0.0,0.6000000000000001,0.30000000000000004,0.0,0.0
A541000F4320B00F4320B00F,0.0,0.0,0.0,0.0,0.0
00B4100F3400900F3400900F,1.5,0.0,0.0,0.0,0.0
00C4100F3400A00F3400A00F,0.0,6.896071300724988,0.0,0.0,0.0
A350000F4320B00F4320B00F,0.0,0.0,0.0,0.0,0.37094085837599144
9630000F3230A00F3230A00F,0.0,2.7,0.0,0.0,0.0
000F000F000F000F0000F00F,1.4668227483672203,0.0,0.0,0.0,0.0
00A5100F3300A00F3300A00F,-1.2000000000000002,0.8928213817423469,-0.6699481385656818,0.0,-1.2000000000000002
00C6300F4400C00F4500C00F,0.0,0.0,-0.5465489602495098,0.0,0.0
0630000F2060000F2060000F,0.0,0.0,0.682828726587198,0.0,0.0
00C4100F4400A00F4310A00F,0.0,-1.2980610000000001,-1.95,0.0,0.0
A440000F4400B00F4400B00F,0.0,0.0,2.8977781845043142,0.0,0.0
A440000F4220A00F4220A00F,0.0,0.0,0.0,0.0,0.5149463569819926
A210000F3208000F3208000F,0.0,3.7094085837599136,0.0,0.0,0.0
1000F00C1000F00C1000F00C,0.0,0.0,0.0,0.0,3.4992027004153186
A350000F3230A00F3230A00F,0.0,0.0,0.08169854538828317,0.0,0.0
B632000F4320C00F4320C00F,0.0,0.0,0.0,0.0,0.2668582421208638
A531000F4310A00F4310A00F,0.0,0.0,0.6858879952566461,0.0,0.0
00C3200F4220900F4220900F,0.0,-0.30000000000000004,0.0,0.0,0.0
0097100F3230900F3220900F,-0.30000000000000004,0.0,0.0,0.0,0.0
9300000F3207000F3207000F,5.8691494295635085,0.0,0.0,0.0,0.0
0096100F2230900F4030900F,0.0,0.0,0.0,0.0,2.3623997427733525
A631000F4230A00F4230A00F,0.0,0.0,0.0,0.0,0.0
A630000F4320A00F4320A00F,0.0,0.7242979276643597,0.0,0.0,0.0
00A6100F4300B00F4300B00F,0.0,0.30000000000000004,0.0,0.0,0.0
00B4500F2430B00F2430B00F,0.0,0.0,0.6161484919458551,0.0,0.0
