,action_TFC_000,action_TFU_000,action_TNC_000,action_TNU_000,action_TFC_025,action_TFU_025,action_TNC_025,action_TNU_025,action_TFC_050,action_TFU_050,action_TNC_050,action_TNU_050,action_TFC_075,action_TFU_075,action_TNC_075,action_TNU_075,action_TFC_100,action_TFU_100,action_TNC_100,action_TNU_100
0092000F3207000F3207000F,-31.338088562546037,-10.911461083832489,-34.543022381588514,-12.779331121402794,-5.208047882138844,-14.160273650374087,-5.816999811871162,-8.760731269329977,-3.8236143244434992,-4.854460074392243,-5.553153755252633,-0.7619052687298216,-5.833347534950386,-6.693150687759155,-6.542012594535697,-9.94251626540483,-9.578712988572756,3.9531558457327787,-8.48223990812891,-10.624465844875578
00A2000F3207000F3207000F,-16.363279302313344,-4.923803638738638,-11.056055948335198,-14.620222970540821,3.554726631159962,-4.972768004721979,1.6403397661677364,-8.850003576674197,-12.089768791154054,-5.984436618157715,0.7617405098615402,-6.653771743583813,-5.476352841047892,-8.273446442840202,-8.654799878968635,-9.962646367771683,-4.079125707674473,-5.91823697672447,3.522292034433973,12.836820762300954
00A2000F2108000F2108000F,-8.145213590294734,-2.80838832357964,-18.0,-6.819819065581454,-4.18931260763852,7.0103742257501755,-7.115150049141027,-2.476403066936197,-2.7990189843749995,-2.77022173407832,-5.0048086882748635,-5.470293543368834,-2.857976100800811,-2.790438475422352,-7.0259941406249995,-8.362837240507329,-2.6337227579051525,-4.5,-9.0,-2.6434876032355974
0093000F3009000F3009000F,0.0,7.325972328203402,0.0,0.0,-1.1995139954889025,0.0,0.0,0.0,3.652982391598698,0.0,-1.5,0.0,0.0,0.0,0.0,0.0,0.0,1.248764476523438,0.0,-1.65
000F100F3000E00F3000E00F,0.0,0.0,0.0,0.0,0.0,0.0,0.0,0.0,0.0,0.0,0.0,0.0,1.36909149171918,0.0,0.0,0.0,0.0,6.172151357405003,0.0,0.0
0092000F2009000F2009000F,0.0,0.0,0.0,0.0,6.4476595424333345,0.0,0.0,0.0,0.0,0.0,0.0,0.0,0.0,0.0,0.0,2.2751296638154512,0.0,0.0,0.0,0.0
0091000F2008000F2008000F,0.0,0.0,0.0,0.0,9.862658165898228,0.0,0.0,0.0,0.0,0.0,0.0,-0.754511868394764,0.0,0.0,0.0,0.0,0.0,0.3417652432045788,0.0,0.0
0090000F2008000F2008000F,0.0,0.0,0.0,0.0,0.0,0.0,0.0,0.0,1.3750450708579829,-0.8564580847187377,0.0,0.0,5.122609381035518,0.0,0.0,0.0,0.0,0.0,0.0,0.0
000F000F000F000F000F000F,0.0,0.0,0.0,0.0,0.0,0.0,0.03444735861424025,0.0,0.2758962549250389,0.0,2.224560036614539,0.0,0.0,0.0,0.0,0.0,0.0,0.0,0.0,-0.6236873147612956
0000F00D0000F00D0000F00D,0.1539326487150821,0.7351028995727864,0.0,0.0,0.0,0.0,0.0,-0.31487370060261033,0.0,0.0,-0.5278379553390216,0.0,0.0,0.0,0.2990113520111025,0.0,0.0,0.0,0.0,3.0086168096862638
1000F00D1000F00D1000F00D,0.0,0.0,0.0,0.0,0.0,0.0,0.0,0.0,0.0,0.0,1.557763630471031,0.0,0.0,0.0,0.0,0.0,0.0,0.0,0.0,0.0
100F000F100E000F100F000F,0.0,0.0,0.0,0.0,0.0,0.0,0.0,0.0,0.0,0.0,0.0,0.0,0.0,0.0,0.0,0.0,0.0,0.0,0.0,0.0
100B000F100B000F100B000F,0.0,6.9581657205258285,0.0,0.0,0.0,0.0,0.0,0.0,0.0,0.0,0.0,0.0,0.0,0.0,0.0,0.0,0.0,0.0,0.0,0.0
1080000F1080000F1080000F,2.452563302383102,0.0,0.0,0.0,0.0,0.0,0.0,0.0,0.0,0.0,0.0,0.0,0.0,0.0,0.0,0.0,0.06644680119529241,0.0,0.0,0.0
terminal,0.0,0.0,0.0,0.0,0.0,0.0,0.0,0.0,0.0,0.0,0.0,0.0,0.0,0.0,0.0,0.0,0.0,0.0,0.0,0.0
00A3000F2109000F2109000F,0.0,0.0,0.0,0.0,0.0,0.0,0.0,0.0,0.0,4.8761942477203775,0.0,0.0,0.0,0.0,0.0,0.0,0.0,0.0,-0.4630550938015734,0.0
0091000F2107000F2107000F,-0.1499999999999999,-3.75,-3.0,0.0,0.0,0.0,0.0,0.0,-1.5,0.0,0.0,-4.5,-4.5,-0.06199149800341264,14.035469586581307,0.0,0.0,-7.019286272271842,-2.6542694860870517,0.0
00A1000F2107000F2107000F,-2.90625,-0.9667608031109571,0.0,0.0,0.0,0.0,0.0,0.0,0.0,5.794985220562153,-0.9684375,-3.7620339877125453,-2.442669664093903,-0.17216836839051597,0.0,0.0,0.0,0.0,0.0,0.0
00A1000F3107000F3107000F,0.0,0.0,-2.4841497438193123,0.0,0.0,0.0,0.0,0.0,0.0,0.0,0.0,0.0,0.0,0.0,0.0,0.0,0.0,0.0,0.0,0.0
0093000F3107000F3107000F,6.75,0.0,0.0,0.0,0.0,0.0,0.0,0.0,0.0,0.0,0.0,0.0,0.0,0.0,0.0,0.0,0.0,0.0,0.0,0.0
00B4000F320A000F320A000F,0.0,0.0,0.0,0.0,7.5,0.0,0.0,0.0,0.0,0.0,0.0,0.0,0.0,0.0,0.0,0.0,0.0,0.0,0.0,0.0
0090000F2006000F2106000F,0.0,0.0,-1.9008272689537784,0.0,0.0,0.0,0.0,12.371909648034688,0.0,0.0,0.0,0.0,0.0,-1.2366677838892661,0.0,0.0,0.0,-6.227429181766964,-0.4133191218577199,0.0
0530000F3150000F3150000F,0.0,0.0,0.0,0.0,0.0,0.0,0.0,0.0,0.0,0.0,0.0,0.0,0.0,0.0,0.0,0.0,0.0,4.099371615638528,0.0,0.0
6200000F2140000F2140000F,0.0,0.0,0.0,0.0,0.0,0.0,0.0,0.0,0.0,0.0,0.0,0.0,0.0,0.0,4.925958012957023,0.0,0.0,0.0,0.0,0.0
0631000F2206000F2206000F,0.0,0.0,0.0,16.82981069560222,0.0,0.0,0.0,0.0,0.0,0.0,0.0,0.0,0.0,0.0,0.0,0.0,0.0,0.0,0.0,0.0
A200000F2207000F2207000F,0.0,2.1485475916894035,10.324043102919145,1.9689843910443925,0.0,0.0,0.0,5.104516848529062,1.7483610476059799,2.835834008394202,3.815764007344084,5.127434044707219,1.879475522825247,2.371104267388999,1.2645817142868623,1.2901201897124763,4.968044435681832,1.0880294173942215,2.8119120996432145,0.0
D000000FD000000FD000000F,-1.023233634864948,-0.6017134861452155,-0.6679349194358042,-0.5126451740189273,-0.9459645658721598,-0.6223992484279126,-0.9054921413074245,-1.3226067112108282,-0.4517483633748831,-0.4377364654314314,-1.72448761589979,-0.6717265439082075,-0.8223611630150433,-1.748775403847217,-2.0783335870724784,-1.0700271772437324,-0.8008261670469086,-0.5952786493959901,0.4233952774727353,-0.5315568722767746
0723000F3207000F3207000F,0.0,0.0,0.0,0.0,0.0,0.0,8.141675390625,0.0,0.0,0.0,0.0,0.0,0.0,-1.5,0.0,0.0,0.0,0.0,0.0,0.0
0722000F3207000F3207000F,0.0,0.0,0.0,0.0,0.0,0.0,0.0,0.0,0.0,0.0,0.0,0.0,0.0,0.0,0.0,0.0,0.0,0.0,0.0,-7.5
0631000F2106000F2106000F,0.0,0.0,0.0,0.0,0.0,0.0,-4.4255625,0.0,0.0,0.0,0.0,4.4017351701275516,-7.394686638437063,-1.5,0.0,0.0,0.0,0.0,0.0,0.0
0631000F3106000F3106000F,0.0,0.0,0.0,0.0,-5.336607199114879,0.0,0.0,0.0,0.0,0.0,0.0,0.0,0.0,0.0,0.0,0.0,0.8338471621464207,0.0,0.0,0.0
8110000F3106000F3206000F,0.0,0.0,0.0,0.0,15.0,0.0,0.0,0.0,0.0,0.0,0.0,0.0,0.0,0.0,0.0,0.0,0.0,0.0,0.0,0.0
7200000F2105000F2105000F,0.0,0.0,0.0,0.0,7.8902200815132115,0.0,0.0,0.0,0.0,0.0,0.0,0.0,0.0,0.0,0.0,0.0,0.0,0.0,0.0,0.0
0094000F210A000F2109000F,0.0,0.0,0.0,0.0,0.0,5.202909412241585,0.0,0.0,0.0,0.0,0.0,0.0,0.0,0.0,0.1354681709691965,0.0,0.0,0.0,0.0,0.0
00B3000F300B000F300B000F,0.0,0.0,3.3920688899619433,0.0,0.0,0.0,0.0,0.0,0.0,0.0,6.866073717604886,0.0,0.0,0.0,0.0,0.0,0.0,0.0,0.0,2.9959697585676945
000E000F200C000F200C000F,0.0,0.0,0.0,0.0,0.0,0.0,0.0,0.0,0.0,0.0,0.0,0.0,0.0,0.0,0.0,5.136642050048945,0.0,0.0,0.0,-0.8909551891992186
00A2000F200A000F200A000F,0.0,0.0,0.0,0.0,0.0,0.0,1.9693858920372658,3.2688209790333493,0.0,0.0,0.0,0.0,0.0,0.0,0.0,0.0,0.0,0.0,0.0,0.0
00A1000F2009000F2009000F,0.0,0.0,0.0,0.0,0.0,0.0,0.0,0.0,0.0,0.0,0.0,0.0,0.0,0.0,5.467737719979295,0.0,0.0,0.0,0.0,0.0
0000F00B0000F00B0000F00B,0.0,0.0,0.0,0.0,0.0,0.0,0.4759662414790864,0.4240468916555303,0.0,0.0,0.0,0.0,0.0,0.8522477492262226,0.0,0.0,0.20845286598509843,0.0,0.39553730758429595,0.0
0000F00E0000F00E0000F00E,0.0,0.0,0.0,0.0,0.9377069839073293,0.0,0.0,0.0,0.0,-0.09914714276816539,0.0,-0.9890451510659339,-1.1219860370248793,-0.6451314408328837,0.0,0.0,0.0,-1.6677183797691792,0.0,0.0
000D000F000D000F000D000F,0.0,0.0,0.0,0.0,0.0,0.0,0.0,0.0,0.0,0.0,0.0,0.0,0.0,0.0,0.0,5.46425023047866,0.0,0.0,0.0,0.0
0080000F0080000F0080000F,0.20023989348740523,0.0,0.0,0.0,0.0,0.0,0.0,0.0,0.32709914958719294,0.0,0.0,0.0,1.261630859257556,0.0,0.0,0.0,0.0,0.0,-0.11930656177047799,0.0
000B000F000B000F000B000F,0.0,0.0,0.0,0.0,0.0,0.0,0.0,0.0,0.0,2.804373059480993,0.0,0.0,0.0,0.0,0.0,0.0,0.9161416184875311,0.0,0.0,0.9247822427809831
000F000F000F000F0000F00F,0.0,0.40449615642721104,0.0,0.0,0.0,0.0,0.0,0.0,0.0,0.0,0.0,0.0,0.0,0.0,0.0,1.5659024165816358,0.0,0.0,0.0,0.0
000F000F0000F00F0000F00F,0.0,0.7857823395726267,0.0,0.0,2.2569110135207486,0.0,0.0,0.0,0.0,0.0,0.0,0.0,0.0,0.0,0.0,0.0,0.0,0.0,0.0,0.0
0620000F2160000F2160000F,0.0,0.0,0.0,0.0,0.0,-0.20160357751824676,0.0,0.0,0.0,0.0,0.0,0.0,0.0,5.936744593649712,0.0,0.0,0.0,1.5,0.0,0.0
0090000F2106000F2106000F,0.0,0.0,0.0,0.0,0.0,-1.5864735942554473,0.0,0.0,0.0,0.0,16.032136451642643,0.0,0.0,-2.855870549477883,-0.17481224938816378,0.0,-1.036397115162594,0.0,0.0,-0.7306338585714887
0091000F2106000F2106000F,0.0,0.0,0.0,0.0,0.0,0.0,0.0,0.0,0.0,3.5512940328520575,0.0,0.0,0.0,0.0,0.0,0.0,0.0,0.0,0.0,0.0
0085000F3209000F3209000F,0.0,0.0,0.0,0.0,0.0,0.0,0.0,0.0,0.0,0.0,-0.75,0.0,0.0,0.0,0.0,0.0,0.0,0.0,0.0,0.0
00A2000F3108000F3108000F,0.0,0.0,0.0,-6.0,0.0,-0.2598562499999999,9.191913765939308,0.0,0.0,0.0,-1.5236828373313376,-1.5,-0.10854979182487634,0.0,0.0,-0.9328530711423708,0.0,0.0,0.0,0.0
00A3000F3108000F3108000F,0.0,0.0,0.0,0.0,0.0,0.0,0.0,0.0,0.0,0.0,0.0,0.0,0.0,0.0,0.0,0.0,11.80593754898269,0.0,0.0,0.0
0630000F2106000F2106000F,-2.2889152178911747,0.0,0.0,0.0,0.0,0.0,0.0,-0.17462342245740725,-4.176335115725441,0.0,-2.613541075030466,0.0,0.0,0.0,0.0,3.2860356732677776,-0.24384687137266337,0.0,0.0,-1.2384840929829197
0530000F2150000F2150000F,-1.7999999999999998,0.0,0.0,-2.3939062499999997,-2.1779814500341175,-3.0,0.0,0.0,0.0,0.0,0.0,0.0,-5.705758515105812,0.0,0.0,0.0,23.47624212651157,0.0,0.0,-1.2199906280180413
0090000F2007000F2007000F,0.0,0.0,-3.975,-0.12397851576850472,0.0,0.0,-2.625,0.0,0.0,1.7722647572581358,0.0,-1.6634547443168297,0.0,-2.4169526018603094,0.0,-1.0227249228257058,0.0,0.0,1.9345007091132351,0.0
0090000F3060000F3060000F,0.0,0.0,0.0,0.0,-0.3947545966030481,16.07039649929213,0.0,0.0,0.0,0.0,0.0,0.0,0.0,0.0,0.0,0.0,0.0,0.0,0.0,1.7319938731651705
0070000F0070000F0070000F,0.0,-0.36906954875560105,-0.536465535539881,0.0,0.0,0.0,0.0,0.0,0.0,0.0,0.0,0.0,0.0,0.0,0.0,0.0,0.0,0.0,0.0,0.0
0050000F0050000F0050000F,0.0,0.0,0.0,0.0,0.0,0.0,0.0,0.0,0.0,0.0,0.0,0.0,0.0,6.850792544639496,0.0,0.0,0.0,0.0,0.0,0.0
0093000F3207000F3207000F,-12.15,-9.0,-14.25,-7.95,25.404457501205645,-3.0,-4.91162812013055,-4.427093991709662,-8.183985353023616,-2.507273153854094,-7.54213317481311,-1.6390623062521215,-2.2484305648824874,-9.943627700650566,-4.211612704445011,-2.9499023638978747,-6.963348382375203,-3.1255113216838115,-9.922241333840313,-3.1919263394154376
00B3000F3209000F3209000F,0.0,0.0,0.0,0.0,0.0,0.0,-3.0,0.0,0.0,0.0,0.0,-3.0,-0.32322027832031264,0.8698827478736737,0.0,0.0,0.0,0.0,0.0,0.0
00B3000F3109000F3109000F,0.0,0.0,0.0,0.0,0.0,0.0,0.0,0.0,0.0,1.7129973394651996,0.0,0.0,0.0,0.0,0.0,0.0,8.075409883873952,0.0,0.0,5.099302320958573
00D3400F4300D00F4300D00F,0.0,0.0,-13.5,0.0,0.0,0.0,0.0,0.0,0.0,0.0,0.0,0.0,0.0,0.0,0.0,0.0,0.0,0.0,0.0,0.0
00B4000F3208000F3308000F,0.0,0.0,0.0,0.0,0.0,0.0,0.0,0.0,0.0,0.0,0.0,0.0,0.0,0.0,-1.5,0.0,0.0,0.0,0.0,0.0
00C3100F2500900F2500900F,0.0,0.0,0.0,0.0,-1.5,0.0,0.0,0.0,0.0,0.0,0.0,0.0,0.0,0.0,0.0,0.0,0.0,0.0,0.0,0.0
0096100F4300A00F4300900F,0.0,0.0,0.0,0.0,0.0,0.0,0.0,0.0,0.0,0.0,0.0,0.0,0.0,0.0,0.0,0.0,0.0,0.0,0.0,0.0
0096100F4300A00F4300A00F,0.0,0.0,0.0,0.0,0.0,0.0,0.0,0.0,0.0,0.0,0.0,0.0,0.0,0.0,0.0,0.0,0.0,0.0,0.0,0.0
B310000F4209000F3209000F,0.0,0.0,0.0,0.0,0.0,0.0,0.0,0.0,0.0,0.0,0.0,0.0,0.0,0.0,0.0,0.0,0.0,0.0,0.0,0.0
A220000F3208000F2308000F,0.0,0.0,0.0,0.0,0.0,0.0,0.0,0.0,0.0,0.0,0.0,0.0,0.0,0.0,0.0,0.0,0.0,0.0,0.0,0.0
00A4000F3208000F3208000F,0.0,0.0,0.0,0.0,0.0,0.0,0.0,0.0,0.0,0.0,0.0,0.0,0.0,0.0,0.0,0.0,0.0,0.0,0.0,0.0
10A3000F3208000F3308000F,0.0,0.0,0.0,0.0,0.0,0.0,0.0,20.364821018085937,0.0,0.0,0.0,0.0,0.0,0.0,0.0,0.0,0.0,0.0,0.0,0.0
000F000F300C000F300C000F,0.0,-2.5394367722394633,0.0,0.0,0.0,0.0,0.0,3.6769855050377234,0.0,0.0,0.0,-0.45425425458774593,-1.5,0.0,0.0,0.0,0.0,0.0,0.0,0.0
000D000F100C000F100C000F,0.2093898688901974,0.0,0.0,4.4846318792478215,0.0,0.0,0.0,0.0,0.0,0.0,0.0,0.0,0.0,0.0,0.0,0.0,0.0,-1.5,-0.009955806469263084,0.0
000C000F100B000F100B000F,0.0,-0.4534191901417244,-0.08134144535703625,1.4233859588518856,0.0,0.0,0.0,0.0,0.0,0.0,0.0,0.0,0.0,0.0,0.0,0.0,0.0,0.0,0.0,0.0
00A1000F100A000F100A000F,0.0,0.0,0.0,0.0,0.0,0.0,0.0,0.0,0.0,0.0,0.0,-0.11550458676569342,0.0,0.0,0.0,0.0,0.0,3.2387301999868154,0.0,0.0
000C000F000C000F000C000F,0.0,0.0,-6.161821245353893,0.0,0.0,0.0,0.10047071737634505,-0.7315008643846335,0.0,-1.8289256411436452,0.0,2.697335814755209,-0.1652526369244085,0.1581574140231371,0.17841491238512452,0.0,0.0,0.0,0.1659917073393885,-0.3581694695098073
00A2000F2208000F2208000F,0.0,0.0,-12.707723103909895,0.0,5.556689088411484,1.0212278338027208,0.0,-5.267498342383774,-0.6138254939767194,0.0,0.0,0.0,0.0,-3.0,0.0,-0.5696232421874998,-3.0,-0.09454687499999981,0.0,-1.5
0092000F200A000F200A000F,0.0,0.0,-6.0,0.0,0.0,0.0,0.0,0.0,2.6035675315260463,0.0,0.0,0.0,0.0,0.0,0.0,0.0,0.0,0.0,0.0,0.0
0092000F3009000F3009000F,0.0,0.0,0.0,0.0,0.0,0.0,0.0,0.0,0.0,1.754260002067699,0.0,0.0,0.0,0.0,0.0,0.0,-1.5,0.0,0.0,0.0
00A3000F210A000F210A000F,0.0,0.0,0.0,0.0,-1.0574107603269631,0.0,0.0,0.0,0.0,0.0,0.0,0.0,0.0,0.0,0.0,0.0,0.0,0.0,0.0,0.0
000F000F2200C00F2200C00F,0.0,0.0,0.0,0.0,0.0,0.0,0.0,0.0,11.361443486815292,0.0,0.0,0.0,0.0,0.0,0.0,0.0,0.0,0.0,0.0,0.0
000F300E3300E00F3300E00F,-3.0,0.0,0.0,0.0,0.0,-0.10988322826886021,0.0,0.0,0.39592601085723533,0.0,0.0,0.0,0.0,0.0,-0.5435974614452557,0.0,0.0,0.0,0.0,-3.0
0090000F3007000F3007000F,0.0,0.0,-4.5,2.6968654221309007,0.0,0.0,0.0,0.0,0.0,0.0,0.0,0.0,-1.8503268268558477,0.0,0.0,0.0,0.0,0.0,0.0,-0.600008352059517
0091000F2107000F3007000F,0.0,0.0,0.0,0.0,0.0,0.0,0.0,0.0,0.0,0.0,0.0,0.0,0.0,0.0,0.0,0.0,0.0,11.309843792380608,-1.3982832850225155,0.0
0090000F2060000F2060000F,0.0,1.2610858009036003,0.0,0.0,0.0,0.0,0.0,0.0,0.0,3.450303706805885,0.0,0.0,0.0,1.2736837863126165,0.0,0.0,0.0,0.0,0.4867846485841163,1.49830078125
0090000F2070000F2070000F,0.0,0.0,0.0,0.0,-1.168545938549384,0.0,0.0,0.0,0.0,0.0,0.0,0.0,0.0,0.0,0.0,8.092712886042587,0.0,0.0,0.0,0.0
0090000F2070000F2060000F,0.0,0.0,0.0,0.0,0.0,0.0,0.0,0.0,0.0,0.0,0.0,0.0,-0.8901032644623532,0.0,0.0,0.0,0.0,0.0,0.0,0.0
0530000F3050000F3050000F,0.0,0.0,0.0,0.0,4.367910780793349,0.0,0.0,0.0,0.0,0.0,0.0,0.0,0.0,-0.4671683562265385,0.0,0.0,0.0,0.0,0.0,0.0
0510000F1140000F1140000F,0.0,0.0,-1.5,0.0,0.0,0.0,0.0,0.0,0.0,0.0,0.0,-1.5,0.0,0.0,0.0,0.0,0.0,0.0,8.523370238355449,0.0
0510000F1130000F1130000F,0.0,0.0,0.0,0.0,0.0,0.0,0.0,0.0,0.0,0.0,0.0,0.0,0.0,0.0,0.0,0.0,0.0,0.0,0.0,0.0
0510000F2140000F2140000F,0.0,1.1596493608496679,0.0,-3.0,-1.5,0.0,0.0,0.0,0.0,0.0,0.0,0.0,0.0,0.0,0.0,0.0,0.0,0.0,0.0,0.0
5200000F2140000F2140000F,0.0,0.0,0.0,0.0,0.0,0.0,0.0,0.0,0.0,0.0,0.0,0.0,0.0,6.0527494864759035,0.0,0.0,0.0,0.0,0.0,0.0
00A2000F2108000F2208000F,0.0,0.0,0.0,0.0,0.0,0.0,0.0,0.0,0.0,0.0,0.0,0.0,0.0,0.0,6.40601606104595,0.0,0.0,0.0,0.0,0.0
0094000F2109000F2109000F,0.0,0.0,-4.539458744018554,-1.0397556030273818,0.0,0.0,0.0,-3.52125,0.0,0.0,0.0,0.0,12.570625566666951,0.0,0.0,0.0,0.0,0.0,0.0,0.0
0092000F2107000F2107000F,0.0,0.0,0.9261789496295538,-0.44175607985414955,-1.1670432124438306,0.0,0.0,0.0,0.0,10.853658145536752,0.0,0.0,2.330016722976433,0.0,0.0,0.0,1.61846422964148,0.0,0.0,0.0
00A2000F2109000F2109000F,4.046081264422671,0.0,-0.5603024575356081,0.0,0.0,0.0,1.2853807156651529,0.0,0.0,0.0,0.0,0.0,2.388325967118023,0.0,9.765625545145413,0.0,0.0,0.0,0.0,0.0
00A3000F300A000F300A000F,0.0,0.0,0.0,0.0,0.0,-1.5,0.0,0.0,-0.6519331259047816,0.0,0.0,0.0,0.0,0.0,0.0,0.0,0.0,0.0,8.384555459553386,0.0
00A1000F3008000F3008000F,0.0,0.0,0.0,0.0,0.0,0.0,13.212825136423156,0.0,0.0,0.0,0.0,0.0,0.0,0.0,0.0,0.0,0.0,0.0,0.0,0.0
0520000F2050000F2050000F,-0.9248578561217016,-1.9277226436067236,0.0,0.0,-1.264016218728243,0.0,0.0,0.0,0.0,0.0,-0.11387943128748179,0.0,2.949314392713338,0.0,0.0,0.0,0.0,0.0,0.0,-1.5
000F000F3000C00F3000C00F,0.0,0.0,0.0,0.0,0.0,0.0,0.0,0.0,0.0,0.0,0.0,0.0,0.0,0.0,0.0,0.0,0.0,11.974274816401781,0.0,0.0
00A4000F220A000F220A000F,0.0,0.0,0.0,0.0,0.0,-4.5,0.0,0.0,-3.3735638455008514,-6.0,2.045748519302518,-6.0,0.0,0.0,0.0,0.0,-0.632378050599272,0.0,-1.5,0.0
00B4000F2200B00F2200B00F,0.0,0.0,0.0,0.0,0.0,0.0,0.0,0.0,0.0,0.0,0.0,0.0,1.5,0.0,0.0,0.0,0.0,0.0,0.0,0.0
000F200F1000F00F2000F00F,0.0,0.0,0.0,0.0,0.0,0.0,0.0,0.0,0.0,0.0,0.0,0.0,0.0,0.0,0.0,0.0,0.0,0.0,0.0,0.0
000F200D2000F00D2000F00D,0.0,0.0,0.0,0.0,0.0,0.0,0.0,0.0,0.0,0.0,0.0,0.0,2.4195038051585676,0.0,0.0,0.0,0.0,0.3983007869786222,0.0,0.0
000F300F3000F00E3000F00E,0.0,0.0,0.0,0.0,0.0,0.0,0.0,-1.1624999999999999,0.0,0.0,0.0,0.0,-0.40192922357297167,0.0,0.0,0.0,0.0,3.186481045214978,0.0,0.0
0000F00C0000F00C0000F00C,0.0,0.0,0.029104917614738546,2.254231192553445,0.0,0.0,0.0,0.0,0.0,0.4739541662770709,0.0,0.0,0.0,0.0,0.0,0.0,-0.2954177144254212,0.0,-0.3736380424593576,0.0
0090000F1070000F1070000F,0.0,0.0,0.0,0.0,0.0,0.0,0.0,0.0,0.0,6.485650086387135,0.0,0.0,0.0,0.0,2.129761792649443,0.0,0.8494328699503599,0.0,0.0,0.0
0090000F2008000F2007000F,0.0,0.0,0.0,0.0,0.0,0.0,0.0,0.0,0.0,0.0,3.465513528338831,0.0,0.0,0.0,0.0,0.0,0.0,0.0,0.0,0.0
0430000F2040000F2040000F,0.0,0.0,0.0,0.0,0.0,0.0,0.0,-1.19625,0.0,0.0,0.0,0.0,0.0,0.0,0.0,11.058723682354046,0.0,0.0,0.0,0.0
0091000F3008000F3008000F,0.0,0.0,0.0,0.0,0.0,0.0,0.0,0.0,-1.65,0.0,0.0,0.0,0.0,12.083553151140409,1.4919245559978958,0.0,0.0,0.0,0.0,0.0
0000F00F0000F00F0000F00F,0.0,0.0,0.0,0.0,0.0,0.0,0.0,0.0,0.0,0.0,0.0,0.0,-0.8150467083541102,0.0,0.0,1.5907733965212723,0.0,0.0,0.0,0.0
1000F00C1000F00C1000F00C,0.7148285540003074,0.0,0.0,0.0,0.0,0.0,0.0,0.0,0.0,0.0,0.0,0.0,0.0,0.0,0.0,0.0,0.0,0.0,0.0,1.4379706510712904
00A3000F3208000F3208000F,-2.121149569995956,0.0,-3.0,0.0,0.0,0.0,0.0,11.14793375696715,-3.0,0.0,0.0,-1.371057219919785,-3.0,0.0,0.0,0.0,0.0,-4.5,0.0,0.0
00A3000F3208000F3207000F,0.0,0.0,0.0,0.0,0.0,0.0,0.0,0.0,0.0,0.0,0.0,0.0,0.0,0.0,0.0,0.0,0.0,0.0,0.0,0.0
00A3000F3207000F3207000F,0.0,0.0,0.0,0.0,0.0,0.0,0.0,0.0,-0.22614703773233358,0.0,50.54569795444837,0.0,0.0,0.0,-3.975,0.0,0.0,0.0,0.0,0.0
00B4000F3209000F3209000F,0.0,0.0,0.0,0.0,0.0,0.0,0.0,0.0,0.0,0.0,0.0,0.0,0.0,0.0,-6.693315836547585,0.0,0.0,0.0,0.0,0.0
0091000F2007000F3007000F,-1.5,0.0,0.0,0.0,0.0,0.0,0.0,5.928671670216335,0.0,0.0,0.0,0.0,0.0,0.0,0.0,0.0,0.0,0.0,0.0,0.0
0092000F3107000F3107000F,0.0,0.0,0.0,0.0,0.0,0.0,0.0,0.0,0.0,0.0,0.0,0.0,0.0,0.0,10.054741927457648,-0.28605855528275637,0.0,-4.5,0.0,0.0
0080000F2060000F2060000F,-3.0,0.0,0.0,0.0,0.0,-0.21069344230171394,0.0,0.0,0.0,0.0,-2.325,-3.7472758819186067,-0.7217770598238838,4.514049809201749,0.0,0.0,0.0,-1.8188115589638592,-0.5487625819247448,-2.8570822574149797
0091000F2007000F2007000F,0.0,0.0,0.0,13.668662827513216,0.0,-0.5268792568654033,0.0,0.0,0.0,0.0,0.0,-1.5,0.0,0.0,0.0,0.0,0.0,0.0,0.0,0.0
0081000F3006000F3006000F,0.0,0.0,0.0,0.0,0.0,0.0,0.0,0.0,2.4890625,0.0,0.0,0.0,0.0,0.0,0.0,0.0,0.0,0.0,0.0,0.0
0092000F1107000F1107000F,0.0,7.993033497956242,0.0,0.0,4.2362298227994835,0.0,0.0,0.0,0.0,0.0,0.0,0.0,0.0,0.0,0.0,0.0,0.0,0.0,0.0,0.0
00A5100F4300A00F4300A00F,0.0,0.0,0.0,0.0,0.0,0.0,0.0,0.0,0.0,0.0,0.0,0.0,0.0,0.0,0.0,-1.5,0.0,0.0,0.0,1.35
000F100F2200C00F2200C00F,0.0,0.0,0.0,0.0,-3.52125,0.0,0.0,0.0,0.0,0.0,0.0,0.0,0.0,0.0,0.0,0.0,7.978493089184111,0.0,1.3923223844010337,-3.5164112984262403
00B3000F300C000F300B000F,-3.0,0.0,0.0,0.0,0.0,0.0,0.0,0.0,0.0,0.0,0.0,0.0,0.0,0.0,0.0,0.0,0.0,0.0,0.0,0.0
000F000F4000C00F4000C00F,0.0,0.0,0.0,0.0,0.0,0.0,0.0,0.0,0.0,0.0,0.0,0.0,0.0,4.192355079963164,0.0,0.0,0.0,0.0,0.0,0.0
0093000F300A000F3009000F,0.0,9.332224690684317,0.0,0.0,0.0,0.0,0.0,0.0,0.0,0.0,0.0,0.0,0.0,0.0,0.0,0.0,0.0,0.0,0.0,0.0
0620000F3060000F3060000F,0.0,0.0,0.0,0.0,0.0,3.6645223933899578,0.0,0.0,0.0,0.0,0.0,0.0,0.0,0.0,0.0,0.0,0.0,0.0,0.0,0.0
0520000F2150000F2150000F,0.0,0.0,0.0,0.0,0.0,0.0,0.0,0.0,0.0,0.0,0.0,0.0,0.0,0.0,0.0,0.0,0.0,0.0,9.392861324353754,-1.5
0091000F3006000F3006000F,0.0,0.0,0.0,0.0,0.0,0.0,0.0,0.0,0.0,0.0,0.0,0.0,0.0,0.0,0.0,0.0,1.5,0.0,0.0,0.0
00C5200F4300C00F4300C00F,0.0,0.0,0.0,0.0,0.0,0.0,0.0,0.0,0.0,0.0,0.0,-3.0,0.0,0.0,-1.5,0.0,0.0,0.0,0.0,0.0
00D4400F3500E00F4400E00F,0.0,0.0,0.0,0.0,0.0,0.0,0.0,0.0,0.0,0.0,5.103730310593041,0.0,0.0,0.0,0.0,0.0,0.0,0.0,0.0,0.0
00B4100F3200C00F3200C00F,0.0,0.0,0.0,0.0,0.0,0.0,4.331855034770145,-0.8502424041590482,0.0,0.0,0.0,-1.5,0.0,0.0,0.0,0.0,0.0,0.0,-0.010286163263395487,0.0
00A4100F320A000F320A000F,0.0,0.0,0.0,0.0,4.326778628955167,0.0,0.0,0.0,0.0,0.0,0.0,0.0,0.0,0.0,0.0,0.0,0.0,0.0,0.0,0.0
0095000F320A000F320A000F,0.0,0.0,0.0,-0.4125000000000001,0.0,0.0,0.0,0.0,0.0,0.0,7.479717635854666,0.0,0.0,0.0,0.0,0.0,0.0,-3.0,0.0,0.0
0082000F3107000F3107000F,0.0,0.0,0.0,0.0,0.0,0.0,0.0,0.0,0.0,0.0,0.0,0.0,0.0,7.16379079927067,0.0,0.0,0.0,0.0,0.0,0.0
0531000F2106000F2105000F,0.0,0.0,0.0,0.0,0.0,0.0,0.0,0.0,0.0,0.0,0.0,0.0,2.9250307214614484,0.0,0.0,0.0,0.0,0.0,0.0,0.0
00B5100F3200B00F3200B00F,0.0,0.0,0.0,0.0,0.0,0.0,0.0,0.0,0.0,0.0,0.0,0.0,0.0,1.1597158752291588,0.0,0.7132798775411393,0.4003055307504737,0.0,0.0,0.0
00A4000F210B000F210B000F,0.0,0.0,0.0,9.93823706504017,0.0,0.0,0.0,0.0,0.0,0.0,0.0,0.0,0.0,0.0,0.0,0.0,0.0,0.0,0.0,0.0
00A4000F210A000F210A000F,-6.0,11.975628732732408,0.0,0.0,0.0,0.0,0.0,0.0,0.0,1.09770565998046,0.0,0.0,0.0,0.0,0.0,0.0,0.0,0.0,-1.5,0.0
000F000F2100D00F2100C00F,0.0,0.0,0.0,0.0,0.0,0.0,0.0,0.0,0.0,0.0,2.52029485421612,-1.5,0.0,0.0,-1.5,0.0,0.0,0.0,0.0,0.0
00A4000F310B000F310B000F,0.0,0.0,0.0,0.0,0.0,0.0,0.0,5.743692812141241,0.0,0.0,0.0,0.0,0.0,0.0,0.0,0.0,0.0,0.0,0.0,0.0
000E000F200B000F200B000F,0.0,0.0,0.0,0.0,0.0,0.0,0.0,2.590643501475206,0.0,0.0,-1.5,0.0,0.0,0.0,0.0,0.0,0.0,0.0,5.45370732552389,0.0
0093000F200A000F200A000F,0.0,0.0,0.0,0.0,0.0,0.0,0.0,0.0,0.0,0.0,0.0,0.0,0.0,0.0,0.0,5.32113841123359,0.0,0.0,0.0,0.0
0091000F2009000F2009000F,0.0,0.0,-4.5,0.0,0.0,5.967793353689508,0.0,0.0,0.0,0.0,0.0,0.0,0.0,0.0,0.0,0.0,0.0,0.0,0.0,4.1260049045560905
0082000F2009000F2009000F,0.0,0.0,0.0,0.0,0.0,0.0,0.0,0.0,0.0,0.0,0.0,0.0,0.0,0.0,0.0,0.0,0.0,0.0,0.0,0.0
0082000F2008000F2008000F,0.0,0.0,0.0,0.0,0.0,0.0,0.0,0.0,0.0,0.0,0.0,0.0,0.0,0.0,0.0,0.0,0.0,0.0,0.0,0.0
00A2000F2109000F2108000F,0.0,0.0,0.0,0.0,0.0,0.0,0.0,0.0,1.393079425569859,0.0,0.0,0.0,0.0,0.0,0.0,0.0,0.0,15.035829310446285,0.0,0.0
00A5000F220A000F220A000F,0.0,0.0,0.0,-0.4517981251650106,0.0,0.0,0.0,0.0,0.0,0.0,3.0,0.0,-1.9738398055419517,0.0,0.0,-1.5,-0.33500010381811496,0.0,0.0,-0.8215400377288411
000F000F3000C00F4000C00F,0.0,0.0,0.0,0.0,0.0,0.0,0.0,0.0,0.0,0.0,0.0,0.0,4.226110908493602,0.0,0.0,0.0,0.0,0.0,0.0,0.0
000F000F200D000F200D000F,0.0,0.0,0.0,0.0,0.0,0.0,0.0,0.0,0.0,0.0,5.187787352406531,0.0,0.0,0.0,0.0,0.0,0.0,0.0,0.0,0.0
000D000F200B000F200B000F,0.0,0.0,0.0,0.0,0.0,0.0,0.0,0.0,0.0,0.0,0.0,0.0,0.0,3.082052802817035,0.0,0.0,0.0,0.0,0.0,0.0
000C000F100B000F200B000F,0.0,5.058706689938462,-1.1625,0.0,0.0,0.0,0.0,0.0,0.0,0.0,0.0,0.0,0.0,0.0,0.0,0.0,0.0,0.0,0.0,0.0
000E000F000E000F000E000F,0.0,0.0,0.0,0.0,1.0044591793755793,0.0,0.0,0.0,0.0,0.0,0.0,0.0,0.0,0.0,0.0,0.0,0.0,0.0,0.0,0.0
00B2000F2109000F2109000F,-4.40625,0.0,0.0,2.449921881666225,0.0,0.0,0.0,0.0,0.0,3.5382587433535138,0.0,0.0,0.0,0.0,0.0,-1.5,0.0,0.0,0.0,0.0
0095000F2209000F2209000F,0.0,0.0,0.0,0.0,0.0,0.0,0.0,0.0,0.0,0.0,5.326874999999999,0.0,0.0,0.0,0.0,0.0,-0.9750000000000001,-2.2254375,0.0,0.0
0095100F3209000F3209000F,0.0,0.0,0.0,0.0,-4.5,0.0,0.0,0.0,0.0,0.0,0.0,0.0,0.0,0.0,0.0,0.0,0.0,0.0,0.0,0.0
00B3000F3208000F3208000F,-6.0,0.0,0.0,0.0,0.0,0.0,0.0,0.0,0.0,0.0,0.0,0.0,0.0,0.0,0.0,0.0,-1.5,0.0,0.0,11.243578525210491
0096100F4300900F4300900F,0.0,0.0,10.5,0.0,0.0,0.0,0.0,0.0,0.0,0.0,0.0,0.0,0.0,0.0,0.0,0.0,0.0,0.0,0.0,0.0
C431000F4400D00F4400D00F,0.0,0.0,0.0,0.0,0.0,0.0,0.0,0.0,0.0,0.0,0.0,0.0,0.0,0.0,0.0,0.0,0.0,0.0,0.0,0.0
A520000F4300B00F4300B00F,0.0,0.0,0.0,0.0,0.0,0.0,0.0,0.0,0.0,0.0,0.0,0.0,0.0,0.0,0.0,0.0,0.0,0.0,0.0,0.0
9520000F4300900F4300900F,0.0,0.0,0.0,0.0,0.0,0.0,0.0,0.0,0.0,0.0,0.0,0.0,0.0,0.0,0.0,5.241908568632855,0.0,0.0,0.0,0.0
00A1000F2107000F3007000F,0.0,0.0,-3.825,0.0,0.0,0.0,0.0,0.0,0.0,0.0,0.0,0.0,0.0,0.0,0.0,0.0,0.0,0.0,0.0,0.0
0530000F2106000F2106000F,-8.25,-7.381875,0.0,0.0,0.0,0.0,0.0,-1.0739483024677037,0.0,0.0,4.12575375734144,-3.0,0.0,0.0,0.0,-0.24634764103492568,0.0,0.0,0.0,0.0
0530000F3105000F3105000F,0.0,0.0,0.0,0.0,0.0,0.0,0.0,0.0,0.0,0.0,0.0,-1.9479667355578627,0.0,0.0,0.0,10.115027719930112,0.0,0.0,0.0,0.0
1083000F3207000F3207000F,0.0,4.529509239607398,0.0,0.0,0.0,0.0,0.0,34.28967428134278,0.0,0.0,0.0,0.0,0.0,0.0,0.0,0.0,0.0,0.0,0.0,0.0
0622000F3107000F3206000F,0.0,0.0,4.5,0.0,0.0,0.0,0.0,0.0,0.0,0.0,0.0,0.0,0.0,0.0,0.0,0.0,0.0,0.0,0.0,0.0
00B4000F3308000F3308000F,0.0,0.0,0.0,0.0,0.0,0.0,0.0,0.0,0.0,0.0,0.0,0.0,0.0,0.0,0.0,0.0,0.0,0.0,0.0,0.0
1085100F3400900F3400900F,0.0,0.0,0.0,0.0,0.0,0.0,0.0,0.0,0.0,0.0,0.0,0.0,0.0,0.0,21.0,0.0,0.0,0.0,0.0,0.0
1094000F3208000F3208000F,0.0,0.0,0.0,0.0,24.942493770774945,0.0,0.0,0.0,0.0,0.0,0.0,0.0,0.0,0.0,0.0,0.0,0.0,0.0,0.0,0.0
0090000F3060000F2060000F,0.0,0.0,0.0,0.0,0.0,0.0,0.0,0.0,0.0,0.0,0.0,6.664051838503492,0.0,0.0,0.0,-1.7999999999999998,0.0,0.0,0.0,0.0
000F200F2200E00F2200E00F,0.0,0.0,-3.0,0.0,0.0,0.0,0.0,0.0,0.0,0.0,0.0,0.0,0.0,0.0,0.0,0.0,0.0,8.687120006335688,-0.565906787109375,0.0
000F300D3200F00F3200F00F,0.0,0.0,0.0,0.0,0.0,0.0,0.0,0.0,0.0,0.0,0.0,0.0,0.0,0.0,0.0,0.0,0.0,0.0,5.7782122491060655,0.0
0095000F220A000F220A000F,0.0,0.0,0.0,6.769286943544591,0.0,0.0,-1.9022222204351538,3.7125349030797663,0.0,0.0,0.0,0.0,0.0,0.0,0.0,0.0,0.0,0.0,0.0,0.0
1000F00E1000F00E1000F00E,0.0,0.0,0.0,0.0,0.0,0.0,0.0,0.0,0.0,0.0,0.0,0.0,0.0,0.0,0.0,0.3025012587834656,1.5453488363611454,0.0,0.0,0.0
00B5100F4200B00F4200B00F,0.0,0.0,0.0,0.0,0.0,0.0,-1.5,0.0,0.0,0.0,0.0,0.0,0.0,0.0,0.0,0.0,0.0,0.0,0.0,0.0
00A5100F3200A00F3200A00F,0.0,0.0,0.0,0.0,-6.0,0.0,7.819502888791002,0.0,0.0,0.0,0.0,0.0,0.0,0.0,0.0,0.0,0.0,0.0,0.0,0.0
6100000F2140000F2140000F,0.0,0.0,0.0,4.354610122341548,0.0,0.0,4.646965316010641,0.0,0.0,0.0,0.0,0.0,7.678495273256258,0.0,0.0,0.0,0.0,0.0,0.0,0.0
7200000F2150000F2150000F,0.0,0.0,0.0,0.0,0.0,0.0,0.0,0.0,0.0,0.0,0.0,0.0,0.0,0.0,0.0,2.572126458191361,0.0,3.526277188921032,0.0,0.0
0074000F2207000F2207000F,0.0,0.0,0.0,0.0,0.0,0.0,0.0,0.0,0.0,15.564782214854837,0.0,0.0,0.0,0.0,0.0,0.0,0.0,0.0,0.0,0.0
0530000F3060000F3060000F,0.0,0.0,0.0,0.0,9.087267987358823,0.0,0.0,0.0,0.0,0.0,0.0,0.0,0.0,0.0,0.0,0.0,0.0,0.0,0.0,0.0
0530000F2060000F3060000F,-1.5,0.0,0.0,0.0,0.0,0.0,0.0,0.0,0.0,0.0,0.0,0.0,0.0,0.0,0.0,0.0,0.0,8.42961437083613,0.0,0.0
0540000F2150000F2150000F,0.0,0.0,0.0,0.0,0.0,0.0,0.0,0.0,0.0,0.0,0.0,0.0,2.811914474576386,0.0,0.0,0.0,0.0,0.0,0.0,0.0
0440000F2150000F2150000F,0.0,0.0,0.0,0.0,0.0,0.0,0.0,0.0,0.0,0.0,0.0,0.0,0.0,0.0,0.7526672380989465,0.0,0.0,0.0,0.0,0.0
00B5100F4300B00F4300B00F,0.0,0.0,0.0,0.0,0.0,0.0,0.0,0.0,0.0,0.0,0.0,0.0,0.0,0.0,-2.6666250000000007,0.0,0.0,0.0,0.0,0.0
00A5100F3300A00F3300A00F,0.0,0.0,0.0,0.0,0.0,0.0,0.0,0.0,0.0,0.0,0.0,0.0,0.0,0.0,1.5,0.0,0.0,0.0,0.0,0.0
00B2100F4308000F3308000F,0.0,0.0,0.0,0.0,0.0,0.0,0.0,0.0,0.0,0.0,0.0,0.0,0.0,0.0,0.0,-1.5,0.0,0.0,0.0,0.0
C050000F3230900F3230900F,0.0,0.0,0.0,0.0,0.0,0.0,0.0,0.0,0.0,12.42375,0.0,0.0,0.0,0.0,0.0,0.0,0.0,0.0,0.0,0.0
0530000F1150000F2050000F,0.0,0.0,0.0,0.0,0.0,0.0,0.0,0.0,0.0,2.9993449189543115,0.0,0.0,0.0,0.0,0.0,0.0,0.0,0.0,0.0,0.0
0430000F1150000F1150000F,0.0,1.9323867728928008,0.0,0.0,0.0,0.0,0.0,0.0,-3.0,0.0,0.0,0.0,0.0,0.0,0.0,0.0,0.0,0.0,-0.38685729544174086,0.0
0520000F2140000F2140000F,0.0,0.0,0.0,0.0,0.0,0.0,0.0,0.0,0.0,0.0,0.0,2.922115683380807,0.0,0.0,0.0,0.0,0.0,0.0,-0.503550499047928,0.0
00C4100F3200D00F3200D00F,0.0,0.0,0.0,0.0,0.0,0.0,0.0,0.0,6.1875,0.0,0.0,0.0,0.0,0.0,0.0,0.0,0.0,0.0,0.0,0.0
00B3000F3109000F3209000F,0.0,0.0,0.0,0.0,0.0,0.0,0.0,0.0,0.0,0.0,0.0,0.0,0.0,6.643393705536018,0.0,-0.65625,0.0,0.0,0.0,0.0
0623000F3207000F3206000F,0.0,20.80173133824692,0.0,0.0,0.0,0.0,0.0,0.0,0.0,0.0,0.0,0.0,0.0,0.0,0.0,0.0,0.0,0.0,0.0,0.0
0623000F3207000F3207000F,0.0,0.0,0.0,0.0,0.0,0.0,0.0,0.0,0.0,0.0,0.0,0.0,0.0,-1.971183135156946,0.0,0.0,0.0,0.0,0.0,0.0
0093000F300A000F300A000F,0.0,0.0,0.0,0.0,0.0,0.0,0.0,0.0,0.0,0.0,0.0,0.0,0.0,0.0,0.0,-2.264821520653926,0.0,-3.0,0.0,-6.0
0530000F2050000F3050000F,0.0,0.0,0.0,0.0,0.0,0.0,0.0,0.0,17.623186570472388,0.0,0.0,0.0,0.0,0.0,0.0,0.0,0.0,0.0,0.0,0.0
0530000F2050000F2050000F,0.0,0.0,0.0,0.0,-1.5,0.0,0.0,0.0,-0.2977955745306885,0.0,0.0,-3.0,0.0,0.0,0.0,0.0,0.0,0.0,0.0,0.0
0510000F2040000F2040000F,0.0,0.0,0.0,0.0,0.0,0.0,0.0,-0.1499999999999999,0.0,0.0,0.0,0.0,0.0,0.0,3.5918612720846657,0.0,0.0,0.0,0.0,0.0
0420000F2140000F2140000F,0.0,0.0,0.0,0.0,0.0,0.0,0.0,0.0,0.0,0.0,0.0,0.0,0.0,0.0,0.0,0.0,0.0,0.0,0.0,0.0
0520000F3040000F3040000F,0.0,0.0,0.0,16.36262922743257,0.0,0.0,0.0,0.0,0.0,0.0,0.0,0.0,0.0,0.0,0.0,0.0,0.0,0.0,0.0,0.0
000F000F100D000F200D000F,0.0,0.0,0.0,0.0,0.0,0.0,0.0,0.0,0.0,0.0,0.0,0.0,0.0,1.0222847987465795,0.0,0.0,0.0,0.0,0.0,-3.0
000F200F2000F00F2000F00F,0.0,0.0,0.0,0.0,0.7440008722158803,0.0,0.0,0.0,0.0,0.0,0.0,0.9771806608084544,0.0,0.0,0.0,0.0,0.30375,0.0,0.0,0.0
000F300F2000F00F2000F00E,0.0,0.0,0.0,0.0,0.0,0.0,0.0,0.0,0.0,0.0,0.0,0.0,-1.19625,0.0,0.0,0.0,0.0,-1.5,0.0,0.0
000F300D3000F00C3000F00D,0.0,0.0,0.0,0.0,0.0,0.0,0.0,0.0,0.0,0.0,0.0,0.0,0.0,0.0,0.0,0.0,1.5,0.0,0.0,0.0
000F400F4000F00E4000F00E,0.0,0.0,0.0,0.0,7.339906499891642,0.0,0.0,0.0,-0.4125000000000001,0.0,0.0,0.0,0.0,0.0,0.0,0.0,0.0,0.0,0.0,0.0
000F500F2200F00E2200F00E,0.0,0.0,0.0,0.0,-0.4070497709965879,0.0,0.0,0.0,0.0,0.0,0.0,0.0,0.0,5.4800859375,0.0,0.0,0.0,0.0,0.0,0.0
000F200E3200E00F3200E00F,0.0,0.0,0.0,0.0,0.0,0.0,2.1383078653792698,0.0,0.0,0.0,0.0,0.0,0.0,0.0,0.0,0.0,0.0,0.0,0.0,0.0
00B4000F2200C00F2200C00F,0.0,0.0,0.0,0.0,0.0,0.0,0.0,-0.46647647779440016,0.0,0.0,0.0,0.0,0.0,0.0,0.0,0.0,0.0,0.0,0.0,0.0
000F000F400C000F4000C00F,0.0,0.0,0.0,0.0,0.0,0.0,0.0,0.0,8.477945948081494,0.0,0.0,0.0,0.0,0.0,0.0,0.0,0.0,0.0,0.0,0.0
000F200D4000F00F4000F00F,0.0,0.0,0.0,0.0,0.0,0.0,0.0,0.0,0.0,0.0,0.0,0.0,3.0913125,0.0,0.0,0.0,0.0,0.0,0.0,0.0
0080000F3060000F3060000F,0.0,0.0,0.0,0.0,0.0,0.0,16.06328150608008,0.0,0.0,0.0,0.0,0.0,0.0,0.0,0.0,0.0,0.0,0.0,0.0,0.0
0090000F3006000F3006000F,0.0,0.0,0.0,0.0,0.0,0.0,0.0,0.0,0.0,0.0,0.0,0.0,0.0,0.0,0.0,0.0,0.0,0.0,0.0,3.9103328216596513
0420000F2050000F2050000F,0.0,0.0,0.0,0.0,0.0,0.0,0.0,0.0,0.0,7.676601044752669,0.0,0.0,-9.75,0.0,0.0,0.0,0.0,0.0,0.0,0.0
00A4000F210A000F220A000F,0.0,0.0,0.0,0.0,0.0,8.700128150954969,0.0,0.0,0.0,0.0,0.0,0.0,0.0,0.0,0.0,0.0,0.0,0.0,0.0,0.0
000F300F3200E00F3200E00F,0.0,7.327639700474479,0.0,0.0,0.0,0.0,0.0,0.0,0.0,0.0,0.0,0.0,0.0,0.0,0.0,0.0,-4.407618471529991,0.0,0.0,0.0
00B3000F2109000F2209000F,0.0,0.0,0.0,0.0,0.0,0.0,0.0,0.0,0.0,0.0,-0.75,6.247052674333249,0.0,0.0,0.0,0.0,0.0,0.0,0.0,0.0
0090000F0090000F0090000F,0.0,0.0,0.0,0.0,0.0,0.0,0.0,0.0,-0.03270140275825251,0.37123381543726525,0.0,0.0,0.0,0.4305876217827712,0.0,0.43647423392573054,0.0,0.0,0.0,0.0
0094000F2109000F2209000F,0.0,-4.5,0.0,0.0,0.0,0.0,-1.5,0.0,-0.5238349756784877,0.0,0.0,0.0,0.0,0.0,0.0,1.1274376936394894,0.0,0.0,0.0,0.0
0096000F3209000F3209000F,0.0,0.0,0.0,0.0,0.0,0.0,0.0,0.0,0.0,0.0,0.0,0.0,4.6129821767876,0.0,0.0,0.0,0.0,0.0,-1.0225154462770671,0.0
0510000F2030000F2030000F,0.0,8.228252895687241,0.0,0.0,0.0,0.0,0.0,0.0,0.0,0.0,0.0,0.0,0.0,0.0,0.0,0.0,0.0,0.0,0.0,0.0
00A4000F3308000F3308000F,0.0,0.0,0.0,0.0,0.0,0.0,0.0,0.0,0.0,0.0,0.0,0.0,0.0,0.0,0.0,0.0,0.0,0.0,0.0,19.4207391585199
000F600F3200F00E3200F00E,0.0,0.0,0.0,-0.20409392881172228,0.0,0.0,0.0,0.0,0.0,0.0,0.0,0.0,0.0,0.0,0.0,0.0,0.0,0.0,0.0,7.687434210033059
000F000F300C000F3000D00F,0.0,0.0,-1.5,0.0,0.0,0.0,0.0,0.0,0.0,0.0,0.0,0.0,0.0,0.0,0.0,0.0,0.0,0.0,0.0,0.0
000F200F4000E00F4000E00F,0.0,0.0,0.0,0.0,0.0,0.7990627265625001,0.0,0.0,0.0,0.0,5.84530438731855,3.163603982025819,0.0,-3.0,0.0,0.0,0.0,0.0,0.0,0.0
000F100F3000F00F3000E00F,0.0,0.0,0.0,0.0,0.0,0.0,0.0,0.0,0.0,0.0,0.0,0.0,0.0,0.0,0.0,0.0,5.6147926471806455,0.0,0.0,0.0
000F300D3300F00F3300F00F,0.0,0.0,0.0,0.0,0.0,0.0,0.0,0.0,0.0,0.0,0.0,0.0,0.0,5.045098876733109,0.0,0.0,0.0,0.0,0.0,0.0
0090000F2007000F3007000F,0.0,0.0,-2.25,0.0,0.0,0.0,0.0,0.0,0.0,0.0,0.0,0.0,0.0,0.0,0.0,0.0,0.0,0.0,0.0,0.0
00B4000F3200B00F3200B00F,0.0,-8.454515624999999,0.0,0.0,0.0,0.0,0.0,0.0,0.0,0.0,0.0,0.0,1.5,0.0,0.0,0.0,0.0,0.0,0.0,0.0
0530000F2150000F2050000F,0.0,0.0,0.0,0.0,0.0,-4.5,0.0,0.0,2.7899526343424093,0.0,0.0,0.0,0.0,0.0,0.0,0.0,0.0,0.0,-0.825,0.0
0520000F2040000F2140000F,0.0,0.0,0.0,0.0,0.0,0.0,28.116904707882057,0.0,0.0,0.0,0.0,0.0,0.0,0.0,0.0,0.0,0.0,0.0,0.0,0.0
0631000F3206000F3206000F,0.0,0.0,0.0,0.0,0.0,0.0,0.0,0.0,0.0,0.0,0.0,0.0,0.0,0.0,0.0,0.0,0.0,0.0,0.0,15.617869049730572
0090000F1106000F1106000F,0.0,0.0,0.0,0.0,0.0,0.0,2.7743225392912287,0.0,0.0,0.0,0.0,0.0,0.0,0.0,0.0,0.0,0.0,0.0,0.0,0.0
000D000F200C000F200C000F,0.0,0.0,0.0,3.9950228735675823,0.0,0.0,0.0,0.0,0.0,0.0,0.0,0.0,0.0,0.0,0.0,0.0,0.0,0.0,0.0,0.0
0090000F1008000F1008000F,0.0,0.0,0.0,0.0,0.0,0.0,0.0,0.0,-0.75,0.0,0.0,0.0,0.0,0.0,3.0461915454735493,-1.2628784611024058,0.0,0.0,0.0,0.0
000A000F000A000F000A000F,0.0,0.0,1.0092059451243283,0.0,0.5328382053796019,0.0,0.0,0.0,0.0,0.41875354507155277,0.0,0.8836703725455826,0.0,0.0,0.0,0.0,0.0,0.0,-0.28608368409177887,0.0
00A1000F2108000F3008000F,0.0,0.0,0.0,0.0,0.0,3.9362584872332564,0.0,0.0,0.0,0.0,0.0,0.0,0.0,0.0,0.0,0.0,0.0,0.0,0.0,0.0
000F300D3000F00D3000F00D,0.0,0.0,0.0,0.0,0.0,0.0,5.766055340940427,0.0,0.0,0.0,0.0,0.0,0.0,0.0,0.0,0.0,0.0,0.0,0.0,0.0
100F000F100F000F000F000F,0.0,0.0,1.1060029802942422,0.0,0.0,0.0,0.0,0.0,0.0,0.0,0.0,0.0,0.0,0.0,0.0,0.0,0.0,0.0,0.0,0.0
00A2000F3009000F3009000F,0.0,0.0,0.0,0.0,-0.4494518808906809,0.0,0.0,0.0,-4.5,0.0,3.8188843387607094,0.0,0.0,0.0,0.0,0.0,0.0,0.0,0.0,0.0
0092000F2108000F2108000F,0.0,0.0,0.0,0.0,0.0,15.324525991589223,0.0,0.0,0.0,0.0,0.0,-10.130237449951753,0.0,0.0,0.0,0.0,0.0,-1.5,0.0,0.0
00A3000F3109000F3109000F,-0.41250000000000053,0.0,0.0,0.0,0.0,0.0,0.0,0.0,0.0,0.0,0.0,0.0,9.084908581126232,0.0,0.0,-1.2787499999999998,0.0,0.0,0.0,0.0
00C3100F3400A00F3400A00F,0.0,0.0,0.0,0.0,0.0,0.0,0.0,0.0,0.0,0.0,0.0,12.962998999111884,0.0,0.0,0.0,0.0,0.0,0.0,0.0,0.0
000F000F200C000F200C000F,-1.5,0.0,0.0,1.804314997597484,0.0,0.0,0.0,0.0,0.0,0.0,0.0,0.0,0.0,0.0,0.0,0.0,0.0,0.0,0.0,0.0
000F000F3100C00F3100C00F,0.0,0.0,0.0,4.357368426765674,0.0,0.0,0.0,0.0,0.0,0.0,0.0,0.0,0.0,0.0,0.0,0.0,0.0,0.0,0.0,0.0
000F100F2000E00F2000E00F,0.0,0.0,0.0,0.0,0.0,0.0,0.0,0.0,0.0,-0.4413690583766381,-0.9896245688265144,0.0,0.0,0.0,0.0,0.0,0.0,0.0,0.0,0.0
00B5100F3200B00F3300B00F,0.0,0.0,0.0,0.0,0.0,3.4934336172124416,0.0,0.0,0.0,0.0,0.0,0.0,0.0,0.0,0.0,0.0,0.0,0.0,0.0,0.0
00B4100F4100B00F4100B00F,0.0,0.0,0.0,0.0,0.0,6.0,0.0,0.0,0.0,0.0,0.0,0.0,0.0,0.0,0.0,0.0,0.0,0.0,0.0,0.0
0080000F1060000F1060000F,0.0,-0.8930187093493851,0.0,0.0,0.0,0.0,0.0,0.0,0.0,0.0,0.0,0.0,0.0,0.0,0.0,5.714976482848665,0.0,14.310424594087184,0.0,0.0
0080000F1070000F1070000F,0.0,2.679920692130048,0.0,0.0,0.0,0.0,0.0,0.0,0.0,0.0,0.0,0.0,0.0,0.0,0.0,0.0,0.0,0.0,0.0,0.0
0520000F2060000F2060000F,-2.475,0.0,0.0,15.468611666885629,0.0,0.0,0.0,0.0,0.0,0.0,0.0,0.0,0.0,0.0,-0.5973786970616691,0.0,0.0,0.0,0.0,0.0
0530000F1150000F1150000F,0.0,0.0,0.0,0.0,-1.9338274548538101,0.0,0.0,0.0,0.0,0.0,0.0,0.0,0.0,0.0,0.0,0.0,0.0,5.9837184364096565,0.0,0.0
0094000F210A000F210A000F,0.0,0.0,0.0,0.0,0.0,0.0,0.0,0.0,0.0,0.0,0.0,0.0,0.0,0.0,0.0,0.0,0.0,2.6750991551922634,0.0,0.0
00A3000F300B000F300B000F,0.0,0.0,0.0,0.0,0.0,0.0,0.0,0.0,0.0,0.0,0.0,0.0,4.3255432473044735,0.0,0.0,0.0,0.0,0.0,0.0,0.0
0530000F1160000F3060000F,0.0,0.0,0.0,0.0,0.0,0.0,4.5,0.0,0.0,0.0,0.0,0.0,0.0,0.0,0.0,0.0,0.0,0.0,0.0,0.0
0630000F3060000F3060000F,0.0,0.0,0.0,0.0,0.0,0.0,-0.11121093749999966,0.0,0.0,0.0,0.0,0.0,0.0,10.6787089769831,0.0,0.0,0.0,0.0,0.0,0.0
0530000F2060000F2060000F,0.0,0.0,0.0,0.0,0.0,0.0,0.0,0.0,0.0,0.0,0.0,0.0,0.0,0.0,0.0,0.0,0.0,0.0,0.0,12.577400097377124
00B4000F3200C00F3200C00F,0.0,6.354145456704265,0.0,0.0,0.0,0.0,0.0,0.0,0.0,0.0,0.0,0.0,0.0,0.0,0.0,0.0,0.0,0.0,0.0,0.0
0095000F3209000F3209000F,0.0,0.0,0.0,0.0,0.0,0.0,0.0,0.0,0.0,0.0,0.0,0.0,0.0,0.0,0.0,0.0,0.0,10.969116293182113,0.0,0.0
00A5000F310A000F310A000F,0.0,0.0,0.0,0.0,2.9221874999999997,0.0,0.0,0.0,0.0,0.0,0.0,0.0,0.0,0.0,0.0,0.0,0.0,0.0,0.0,7.075900982505466
0081000F2106000F2106000F,0.0,0.0,0.0,0.0,0.0,0.0,0.0,0.0,0.0,0.0,0.0,0.0,0.0,0.0,0.0,0.0,0.0,-3.0,0.0,0.0
00A2000F2109000F3009000F,0.0,0.0,0.0,0.0,0.0,3.6396858036124566,0.0,0.0,0.0,0.0,0.0,13.827552847605398,0.0,0.0,0.0,0.0,0.0,0.0,0.0,0.0
00A1000F2008000F3008000F,0.0,0.0,0.0,0.0,0.0,0.0,0.0,0.0,0.0,0.0,0.0,0.0,0.0,0.0,0.0,0.0,0.0,0.8413235437345588,0.0,0.0
0093000F3008000F3008000F,0.0,0.0,0.0,0.0,0.0,0.0,0.0,0.0,0.4724999999999999,0.0,0.0,0.0,0.0,0.0,0.0,0.0,0.0,0.0,0.0,0.0
10C4200F4300D00F4300D00F,0.0,0.0,-5.605561497552655,0.0,0.0,0.0,0.0,0.0,0.0,0.0,0.0,0.0,0.0,0.0,0.0,0.0,0.0,0.0,0.0,0.0
0530000F3106000F3106000F,0.0,0.0,0.0,0.0,0.0,0.0,0.0,0.0,0.0,0.0,0.0,0.0,0.0,0.0,0.0,0.0,-1.7988301225685817,0.0,0.0,-2.599447831946004
0631000F2107000F2107000F,0.0,0.0,0.0,4.019063058366824,0.0,0.0,0.0,0.0,-1.5,0.0,0.0,0.0,-0.2454269448530435,0.0,0.0,0.0,0.0,0.0,0.0,0.0
0531000F2106000F2106000F,0.0,0.0,0.0,0.0,0.0,0.0,5.617682245993436,0.0,0.0,0.0,0.0,0.0,0.0,0.0,0.0,0.0,0.0,0.0,0.0,0.0
00C3300F3200C00F3200C00F,0.0,0.0,0.0,0.0,0.0,0.0,0.0,0.0,0.0,0.0,0.0,0.0,0.0,0.0,0.0,0.0,0.0,0.0,0.0,6.680089238326312
000F200E2200E00F2200E00F,0.8641489042360786,0.0,0.0,0.0,0.0,0.0,0.0,0.0,0.0,0.0,0.0,0.0,0.0,0.0,0.0,0.0,0.0,0.0,0.0,0.0
0410000F2050000F2050000F,0.0,0.0,0.0,0.0,0.0,0.0,0.0,0.0,0.0,0.0,0.0,0.0,0.0,0.675,0.0,0.0,0.0,0.0,0.0,0.0
00A4000F3209000F3209000F,0.0,-6.0,0.0,0.0,0.0,0.0,0.0,0.0,0.0,14.68589651946882,0.0,-3.0,0.0,0.0,0.0,0.0,0.0,0.0,0.0,0.0
0095000F310A000F310A000F,0.0,0.0,0.0,0.0,0.0,0.0,0.0,0.0,0.0,11.674779516947531,0.0,0.0,0.0,0.0,0.0,0.0,0.0,0.0,0.0,0.0
00B3000F3208000F2208000F,0.0,0.0,0.0,3.0,0.0,0.0,0.0,0.0,0.0,0.0,0.0,0.0,0.0,-4.5,0.0,0.0,0.0,0.0,0.0,0.0
00C4400F4400D00F4400D00F,-6.0,0.0,0.0,0.0,0.0,0.0,0.0,0.0,0.0,0.0,0.0,0.0,0.0,0.0,0.0,0.0,0.0,0.0,0.0,0.0
9440000F4400A00F4400A00F,0.0,0.0,0.0,0.0,0.0,0.0,0.0,0.0,0.0,0.0,0.0,0.0,0.0,0.0,0.0,0.0,0.0,0.0,0.0,0.0
8440000F1330900F1330800F,0.0,0.0,0.0,0.0,0.0,0.0,0.0,0.0,0.0,0.0,0.0,0.0,0.0,0.0,0.0,0.0,0.9372322168769767,0.0,0.0,0.0
B433000F3330C00F4330C00F,0.0,0.0,0.0,0.0,0.0,0.0,0.0,0.0,0.0,0.0,0.0,2.44854901594772,0.0,0.0,0.0,0.0,0.0,0.0,0.0,0.0
00B4000F300B000F300B000F,0.0,0.0,0.0,0.0,0.0,0.0,7.608530330623515,0.0,0.0,0.0,0.0,0.0,0.0,0.0,0.0,0.0,0.0,0.0,0.0,0.0
00C3300F3300C00F3300C00F,0.0,0.0,0.0,0.0,0.0,0.0,0.0,0.0,0.0,0.0,0.0,0.0,0.0,0.0,0.0,0.0,0.0,1.5,0.0,0.0
000F200E4000F00F4000F00F,0.0,0.0,0.0,0.0,0.0,0.0,0.0,0.0,0.0,0.0,0.0,0.0,0.0,3.560693227198596,0.0,0.0,0.0,0.0,0.0,0.0
00A3000F3109000F2109000F,0.0,0.0,0.0,0.0,0.0,0.0,0.0,0.0,0.0,0.0,0.0,0.0,0.0,0.0,0.0,0.0,0.0,3.8720420153165396,0.0,0.0
000F000F2000E00F2000E00F,0.0,0.0,0.0,0.0,0.0,0.0,0.0,0.0,0.0,0.0,0.0,0.0,0.0,0.0,0.0,0.0,0.0,0.0,0.75,0.0
000F000F3000E00F3000E00F,0.0,0.0,0.0,0.0,0.0,0.0,0.0,0.0,0.0,0.0,0.0,0.0,0.0,0.0,0.0,0.0,0.0,0.0,0.0,0.0
0410000F1050000F1050000F,0.0,0.0,0.0,0.0,0.0,0.0,-1.5,0.0,0.0,0.0,0.0,0.0,0.0,0.0,0.0,0.0,0.0,0.0,0.0,0.0
00A5100F4200A00F4300A00F,0.0,0.0,0.0,0.0,0.0,-1.5,0.0,0.0,0.0,0.0,0.0,-5.717668842242363,0.0,0.0,1.920536372812239,0.0,0.0,0.0,0.0,0.0
00A4000F3200B00F3200A00F,0.0,0.0,0.0,0.0,0.0,0.0,0.0,0.0,0.0,0.0,0.0,0.0,0.0,0.0,0.0,0.0,0.0,0.0,-0.825,0.0
0733000F3307000F3307000F,0.0,0.0,0.0,0.0,0.0,0.0,0.0,0.0,0.0,0.0,0.0,6.0,0.0,0.0,0.0,0.0,0.0,0.0,0.0,0.0
00B3000F3308000F3308000F,0.0,0.0,0.0,0.0,0.0,0.0,0.0,0.0,0.0,0.0,0.0,0.0,0.0,0.0,0.0,0.0,0.0,0.0,0.0,-3.0
00B3100F3508000F2408000F,0.0,0.0,0.0,0.0,0.0,0.0,0.0,0.0,0.0,0.0,0.0,0.0,0.0,-4.5,0.0,0.0,0.0,0.0,0.0,0.0
00B3100F3200A00F3200900F,0.0,0.0,0.0,0.0,0.0,0.0,0.0,0.0,-1.5,0.0,0.0,0.0,0.0,0.0,0.0,0.0,0.0,0.0,0.0,0.0
0095100F3200A00F3200A00F,0.0,0.0,0.0,0.0,0.0,0.0,0.0,0.0,0.0,0.0,0.0,0.0,0.0,0.0,0.0,0.0,0.0,0.0,1.5,0.0
00A4000F3100B00F3100B00F,0.0,0.0,0.0,0.0,0.0,0.0,0.0,0.0,0.0,0.0,3.0,0.0,0.0,0.0,0.0,0.0,0.0,0.0,0.0,0.0
00B3100F3100B00F3100B00F,0.0,0.0,0.0,0.0,0.0,0.0,0.0,0.0,0.0,0.0,0.0,0.0,0.0,0.0,0.0,0.0,0.0,0.0,0.0,0.0
0094000F310A000F310A000F,0.0,0.0,0.0,0.0,0.0,0.0,0.0,0.0,0.0,0.0,0.0,0.0,0.0,0.0,0.0,-1.1065140683041723,0.0,-4.5,0.0,0.0
00A4100F3200B00F3200B00F,-8.347781249999999,0.0,0.0,0.0,0.0,0.0,0.0,0.0,0.0,0.0,2.7330889890597976,0.0,0.0,0.0,0.0,0.0,0.0,0.0,0.0,0.0
00C6300F4220D00F4400C00F,0.0,0.0,0.0,0.0,0.0,0.0,0.0,0.0,0.0,0.0,0.0,0.0,0.0,0.0,0.0,0.0,0.0,0.0,0.0,0.0
0094000F3208000F3208000F,0.0,0.0,0.0,0.0,0.0,0.0,0.0,0.0,0.0,0.0,0.0,0.0,0.0,50.503799622783696,0.0,0.0,0.0,0.0,0.0,0.0
0090000F2006000F2006000F,0.0,0.0,0.0,0.0,-1.4391336482901442,0.0,0.0,0.0,0.0,0.0,0.0,0.0,0.0,0.0,0.0,0.0,0.0,0.0,0.0,0.0
0510000F1050000F1050000F,0.0,0.0,0.0,6.816819658200057,-2.76701805643218,-1.2554652302185751,0.0,0.0,-1.5,0.0,0.0,0.0,0.0,-2.7358774366206764,0.0,0.0,0.0,0.0,0.0,0.0
0630000F2160000F2160000F,0.0,0.0,0.0,0.0,0.0,0.0,0.0,0.0,0.0,0.0,0.0,0.0,0.0,0.0,0.0,0.0,6.05409575325225,0.0,0.0,0.0
0420000F2050000F2040000F,0.0,0.0,0.0,0.0,0.0,0.0,0.0,0.0,0.0,0.0,0.0,1.818392324292058,0.0,0.0,0.0,0.0,0.0,0.0,0.0,0.0
0090000F2106000F3006000F,0.0,-0.8925,-1.271146466138244,0.0,0.0,-1.5,0.0,0.0,0.0,0.0,0.0,0.0,0.0,0.0,-4.1625,0.0,-0.7500526285084343,0.0,0.0,0.0
0082000F2107000F2106000F,0.0,0.0,0.0,0.0,0.0,0.0,0.0,0.0,0.0,0.0,0.0,0.0,0.0,0.0,0.0,3.375,0.0,0.0,0.0,0.0
000C000F200B000F200A000F,0.0,0.0,0.0,2.2553979265573645,0.0,0.0,0.0,0.0,0.0,0.0,0.0,0.0,0.0,0.0,0.0,0.0,0.0,0.0,0.0,0.0
0092000F1009000F1009000F,0.0,0.0,0.0,0.0,0.0,0.0,2.331550836917631,0.0,0.0,0.0,0.0,0.0,0.0,0.0,0.0,0.0,0.0,0.0,0.0,0.0
0090000F1107000F3007000F,0.0,0.0,0.0,0.0,0.0,0.0,0.0,0.0,0.0,0.0,0.0,0.0,0.0,0.0,0.0,0.0,4.207121716343602,0.0,0.0,0.0
0091000F3007000F3007000F,-2.8061161158854158,0.0,0.0,0.0,4.265586961269009,0.0,0.0,0.0,0.0,0.0,0.0,0.0,0.0,0.0,0.0,0.0,0.0,0.0,-0.7769979662770132,8.697591740948083
5100000F1130000F1130000F,0.0,0.0,0.0,0.0,4.388480599363522,0.0,0.0,0.0,0.0,0.0,0.0,0.0,0.0,0.0,0.0,0.0,0.0,0.0,0.0,0.0
7200000F2106000F2106000F,0.0,0.0,0.0,0.0,8.963136683110232,0.0,0.0,0.0,0.0,0.0,0.0,0.0,0.0,0.0,0.0,0.0,0.0,0.0,0.0,0.0
000F100F2000F00F2000F00F,0.0,0.0,0.0,0.0,0.0,0.0,0.0,0.0,4.713821603759099,0.0,0.0,0.0,-1.5,0.0,0.0,0.0,0.0,0.0,0.0,0.0
000F000F1000E00F1000E00F,0.0,0.0,0.0,0.0,0.0,0.0,0.0,0.0,0.0,0.0,0.0,0.0,0.0,0.0,0.0,0.0,0.0,0.0,0.0,0.0
100E000F100F000F1000F00F,0.0,-0.18592388605189325,0.0,0.0,0.0,3.120073032520599,0.0,0.0,0.0,0.0,0.0,0.0,0.0,0.0,0.0,0.0,0.0,0.0,0.0,0.0
00B3000F2209000F2209000F,-1.4672128829886637,0.0,0.0,0.0,0.0,0.0,0.0,0.0,0.0,0.0,0.0,0.0,0.0,0.0,0.0,0.0,0.0,0.0,0.0,0.0
0300000F0300000F0300000F,0.0,0.0,0.0,0.0,-0.3563847329111414,0.0,0.0,0.0,0.0,0.0,0.0,0.0,0.0,0.0,0.0,0.0,0.0,0.0,0.0,0.0
0500000F0500000F0500000F,0.0,0.0,0.0,0.0,0.0,0.0,0.0,0.0,0.0,0.0,0.0,0.0,0.0,0.8755677648231627,0.0,0.0,0.0,0.0,0.0,0.0
0060000F0060000F0060000F,0.0,0.0,0.0,0.0,0.0,0.0,0.0,0.0,0.0,0.0,0.0,0.0,0.0,0.0,0.0,0.0,1.6401742635351781,0.0,0.0,0.0
0530000F1160000F1160000F,0.0,0.0,0.0,0.0,0.0,0.0,0.0,0.0,0.0,0.0,0.0,0.0,0.0,0.0,0.0,0.0,0.0,0.0,0.0,6.953733591157809
0090000F3007000F3006000F,0.0,0.0,0.0,6.0,0.0,0.0,0.0,0.0,0.0,0.0,0.0,0.0,0.0,0.0,0.0,0.0,0.0,0.0,0.0,0.0
0630000F2150000F2150000F,0.0,0.0,0.0,0.0,0.0,0.0,0.0,8.028490645325308,0.0,0.0,0.0,0.0,0.0,0.0,0.0,0.0,0.0,0.0,0.0,0.0
0530000F3050000F2050000F,0.0,0.0,0.0,0.0,0.0,0.0,0.0,0.0,0.0,0.0,0.0,6.424243828125,0.0,0.0,0.0,0.0,0.0,0.0,0.0,0.0
1000F00B1000F00B1000F00B,0.0,0.0,0.0,0.0,0.0,0.0,0.0,0.0,0.0,0.0,0.0,0.0,0.0,0.0,1.6564202279013713,1.0490097505674505,0.0,0.0,0.0,0.0
1000F00F1000F00F1000F00F,0.0,0.0,0.0,0.0,0.0,0.0,0.0,0.0,0.0,0.0,0.0,0.0,0.0,0.0,3.9915684192927174,0.0,0.0,0.0,0.0,0.0
0094000F210A000F300A000F,0.0,0.0,0.0,0.0,0.0,-3.0,0.0,0.0,0.0,0.0,0.0,0.0,0.0,0.0,0.0,0.0,0.0,0.0,0.0,0.0
00A4000F220B000F220B000F,0.0,0.0,-3.0,0.0,0.0,0.0,0.0,0.0,5.309255452825132,0.0,0.0,0.0,0.0,0.0,0.0,0.0,0.0,0.0,0.0,0.0
00A4000F320A000F320A000F,0.0,0.0,0.0,0.0,0.0,9.700389160559963,0.0,0.0,0.0,0.0,-3.0,0.0,0.0,0.0,0.0,0.0,0.0,0.0,0.0,0.0
0092000F2108000F3008000F,0.0,0.0,0.0,0.0,0.0,0.0,0.0,0.0,0.0,0.0,0.0,0.0,0.0,0.0,0.0,4.414970455558601,0.0,0.0,0.0,0.0
0090000F2107000F2107000F,0.0,0.0,0.0,0.0,0.0,0.0,0.0,0.0,10.66559538863853,0.0,0.0,0.0,0.0,0.0,0.0,0.0,0.0,0.0,0.0,0.0
00E3500F3500E00F3500E00F,0.0,0.0,0.0,0.0,0.0,0.0,0.0,0.0,0.0,0.0,0.0,0.0,0.0,0.0,0.0,0.0,0.0,0.0,0.0,0.0
8200000F2206000F2206000F,0.0,0.0,0.0,0.0,0.0,0.0,0.0,0.0,7.5323621681679676,0.0,0.0,0.0,0.0,0.0,0.0,0.0,0.0,0.0,0.0,0.0
6200000F2150000F2150000F,0.0,0.0,0.0,0.0,0.0,0.0,6.112214587353941,0.0,0.0,0.0,0.0,0.0,0.0,0.0,0.0,0.0,0.0,0.0,0.0,4.695799239385476
0623000F3206000F3206000F,0.0,0.0,0.0,0.0,0.0,0.0,0.0,0.0,0.0,0.0,-1.5,0.0,0.0,0.0,0.0,-3.0,0.0,0.0,0.0,0.0
0623000F2406000F3306000F,0.0,0.0,0.0,-1.5,0.0,0.0,0.0,0.0,0.0,0.0,0.0,0.0,16.351688634603363,0.0,0.0,0.0,0.0,0.0,0.0,0.0
0530000F2150000F3050000F,0.0,0.0,0.0,0.0,0.0,1.870392516627116,0.0,0.0,0.0,0.0,0.0,0.0,0.0,0.0,0.0,0.0,0.0,0.0,0.0,0.0
000E000F300B000F300B000F,0.0,0.0,0.0,0.0,0.0,3.365640963856891,0.0,0.0,0.0,0.0,0.0,0.0,0.0,0.0,0.0,0.0,0.0,0.0,0.0,0.0
000F300D3100F00E3100F00E,0.0,0.0,0.0,0.0,0.0,0.0,0.0,0.0,-3.0,0.0,0.0,0.0,0.0,0.0,0.0,0.0,0.0,0.0,0.0,0.0
000F300E4100F00F4100F00F,0.0,0.0,0.0,0.0,0.0,0.0,0.0,0.0,0.0,0.0,0.0,0.0,0.0,0.0,0.0,0.0,0.0,0.0,0.0,0.0
00A4100F310A000F310A000F,0.0,0.0,0.0,0.0,3.30375,0.0,0.0,0.0,0.0,0.0,0.0,0.0,0.0,0.0,0.0,0.0,0.0,0.0,0.0,0.0
0530000F2050000F2150000F,0.0,0.0,0.0,0.0,0.0,4.188859051719026,0.0,0.0,0.0,0.0,-0.6283161533473907,0.0,0.0,0.0,0.0,0.0,0.0,0.0,0.0,0.0
000F200F3200E00F3200E00F,0.0,0.0,0.0,0.0,0.0,0.0,0.0,0.0,0.0,0.0,0.0,0.0,0.0,0.0,0.7824843211121757,0.0,0.0,0.0,0.0,0.0
0009000F0009000F0009000F,0.0,0.0,0.28111648438229375,0.0,0.0,0.0,0.0,0.0,0.0,0.0,0.0,0.0,0.0,0.0,0.0,0.0,0.0,0.0,0.0,0.0
0530000F2160000F3060000F,0.0,0.0,0.0,0.0,0.0,0.0,0.0,0.0,0.0,0.0,0.0,0.0,0.0,11.441612308919147,0.0,0.0,0.0,0.0,0.0,0.0
0621000F2106000F2106000F,0.0,-1.9476444490715772,0.0,0.0,0.0,0.0,0.0,0.0,0.0,0.0,0.0,0.0,0.0,8.369848264166336,0.0,0.0,0.0,0.0,0.0,0.0
000F100E3000F00F3000F00F,0.0,0.0,0.0,0.0,0.0,2.7604403436575558,0.0,0.0,0.0,0.0,0.0,0.0,0.0,0.0,0.0,0.0,0.0,0.0,0.0,0.0
000E000F100C000F100C000F,0.0,0.0,0.0,0.0,0.0,0.0,0.0,0.0,0.0,0.0,0.0,0.0,0.0,0.0,0.0,0.0,3.3142990874147014,0.0,0.0,0.0
0081000F3007000F3007000F,0.0,0.0,0.0,0.0,5.083635647156052,0.0,0.0,0.0,0.0,0.0,0.0,0.0,0.0,0.0,0.0,0.0,0.0,0.0,0.0,0.0
0530000F1150000F3050000F,0.0,0.0,0.0,0.0,0.0,0.0,0.0,0.0,4.883893692316212,0.0,0.0,0.0,0.0,0.0,0.0,0.0,0.0,0.0,0.0,0.0
00B4000F3200C00F3200B00F,0.0,0.0,0.0,0.0,0.0,0.0,0.0,0.0,0.0,0.0,0.0,0.0,0.0,4.490015526498154,0.0,0.0,0.0,0.0,0.0,0.0
0090000F2060000F3060000F,1.4807554154163949,0.0,0.0,0.0,0.0,0.0,0.0,0.0,0.0,0.0,0.0,0.0,0.0,0.0,0.0,0.0,0.0,0.0,0.0,0.0
0620000F1160000F1160000F,1.9344531080700134,0.0,0.0,0.0,5.315925144155781,0.0,0.0,0.0,0.0,0.0,0.0,0.0,0.0,0.0,0.0,0.0,0.0,4.064785654161034,0.0,0.0
0080000F2070000F2070000F,0.0,0.0,0.0,0.0,0.0,0.0,0.0,0.0,0.0,0.0,0.0,0.0,0.0,0.0,0.0,0.0,0.0,0.0,0.0,9.941311809810063
000F600E3200F00E3200F00E,0.0,0.0,0.0,0.0,0.0,0.0,0.0,3.1658670393988246,0.0,0.0,0.0,0.0,0.0,0.0,-1.4240625,0.0,0.0,0.0,0.0,0.0
00A2000F2208000F2207000F,-12.0,0.0,0.0,7.648139654472562,0.0,0.0,0.0,0.0,0.0,0.0,-2.202890625,0.0,0.0,0.0,0.0,0.0,0.0,0.0,0.0,0.0
000F000F2200D00F2200C00F,0.0,0.0,0.0,0.0,0.0,0.0,0.0,0.0,0.0,0.0,0.0,0.0,0.0,0.0,0.0,0.0,0.0,0.0,0.0,0.0
00C4100F3200C00F3200C00F,0.0,11.523645375990316,0.0,0.0,0.0,0.0,0.0,0.0,0.0,0.0,0.0,0.0,0.0,0.0,0.0,0.0,0.0,0.0,0.0,0.0
0095000F2109000F2109000F,0.0,0.0,0.0,0.0,0.0,0.0,0.0,0.0,8.228992006490138,0.0,0.0,0.0,0.0,0.0,0.0,0.0,0.0,0.0,0.0,0.0
0080000F2060000F3060000F,0.0,0.0,0.0,0.0,0.0,-1.5,0.0,0.0,0.0,0.0,0.0,0.0,0.0,10.061735186594852,0.0,0.0,0.0,0.0,0.0,0.0
0530000F2160000F2160000F,0.0,0.0,0.0,0.0,0.0,0.0,0.0,0.0,0.0,2.403470661585554,0.0,0.0,0.0,0.0,0.0,0.0,0.0,0.0,0.0,0.0
00B5100F3300B00F3300B00F,0.0,0.0,0.0,0.0,0.0,0.0,0.0,0.0,0.0,4.617382293349554,0.0,0.0,0.0,0.0,0.0,0.0,0.0,0.0,0.0,0.0
00A5000F210A000F210A000F,0.7931250000000001,0.0,0.0,0.0,0.0,0.0,0.0,0.0,0.0,0.0,0.0,0.0,0.0,0.0,0.0,0.0,0.0,0.0,0.0,0.0
0082000F3008000F3008000F,0.0,0.0,0.0,0.0,0.0,0.0,0.0,0.0,0.0,0.0,0.0,0.0,0.0,0.9302808444693965,0.0,0.0,0.0,0.0,0.0,0.0
0092000F3108000F3108000F,0.0,0.0,-1.7608564384657166,0.0,5.036304881767924,0.0,0.0,0.0,0.0,0.0,0.0,0.0,0.0,0.0,0.0,0.0,0.0,0.0,-2.119157935623995,0.0
0091000F3107000F3107000F,0.0,0.0,0.0,0.0,0.0,0.0,0.0,0.0,0.0,0.0,0.0,0.0,0.0,0.0,0.0,1.498849761299664,0.0,0.0,0.0,0.0
5100000F2140000F2140000F,0.0,0.0,0.0,0.0,0.0,1.2258006561861126,0.0,0.0,0.0,0.0,0.0,0.0,0.0,6.174736851643511,0.0,0.0,0.0,0.0,0.0,0.0
000F100E3200D00F3200D00F,0.0,0.0,-3.0,0.0,0.0,0.0,4.892060465894839,-1.5,0.0,-0.13667352613167782,0.0,0.0,0.0,0.0,-1.5,0.0,0.0,0.0,0.0,0.0
000F300E3200E00F3200E00F,0.0,0.0,0.0,0.0,0.0,0.0,0.0,0.0,0.0,0.0,0.0,0.0,0.0,0.0,0.0,0.0,0.0,0.0,2.745175246032257,0.0
0630000F1160000F1160000F,0.0,0.0,0.0,0.0,0.0,0.0,0.0,0.0,0.0,0.0,0.0,0.0,0.0,0.0,0.0,0.0,0.0,0.0,0.0,0.0
0430000F2150000F2150000F,0.0,0.0,0.0,0.0,0.0,0.0,0.0,2.8218547413174395,0.0,0.0,0.0,0.0,0.0,0.0,0.0,0.0,0.0,0.0,0.0,0.0
0092000F2108000F2107000F,0.0,-10.5,0.0,0.0,4.344235157503345,0.0,0.0,0.0,0.0,0.0,0.0,0.0,0.0,0.0,0.0,0.0,0.0,0.0,0.0,0.0
00A5000F3200B00F3200B00F,0.4094721967012793,0.0,0.0,0.0,0.0,0.0,0.0,0.0,0.0,0.0,0.0,0.0,0.0,0.0,0.0,0.0,0.0,0.0,0.0,0.0
00A3000F3209000F3209000F,0.0,-1.5,0.0,0.0,0.0,8.223322779078634,0.0,0.0,0.0,0.0,0.0,0.0,0.0,0.0,0.0,0.0,0.0,0.0,0.0,0.0
10B3200F3200B00F3300B00F,0.0,0.0,0.0,0.0,0.0,0.0,0.0,0.0,0.0,0.0,0.0,0.0,0.0,0.0,0.0,-4.346237190634871,0.0,2.1229460416592616,0.0,0.0
0621000F2206000F2206000F,0.0,0.0,0.0,0.0,0.0,15.43911987967911,0.0,0.0,0.0,0.0,0.0,0.0,0.0,0.0,0.0,0.0,0.0,0.0,0.0,0.0
000F200E3000F00F3000F00F,0.0,0.0,0.0,0.0,3.4776167283683157,0.0,0.0,0.0,0.0,0.0,0.0,0.0,0.0,0.0,0.0,0.0,0.0,0.0,0.0,0.0
000F000F300D000F300D000F,0.0,0.0,0.0,0.0,0.0,0.0,0.0,0.0,0.0,7.677358421786029,0.0,0.0,0.0,0.0,0.0,0.0,0.0,0.0,0.0,0.0
0400000F0400000F0400000F,0.0,0.0,-0.5344013887885948,0.0,0.0,0.0,0.0,0.0,0.0,0.0,0.0,0.0,0.0,0.0,0.0,0.0,0.0,-0.3727478586863828,0.0,0.0
000F000F3000D00F3000D00F,0.0,0.0,0.0,0.0,0.0,0.0,0.0,0.0,0.0,0.0,0.0,0.0,0.0,0.0,2.2282462115137665,0.0,0.0,0.0,0.0,0.0
00B4000F3100C00F3100C00F,0.0,0.0,0.0,0.0,0.0,0.0,0.0,0.0,0.0,0.0,1.91956985266237,0.0,0.0,0.0,0.0,0.0,0.0,0.0,0.0,0.0
0091000F2108000F2108000F,0.0,0.0,0.0,0.0,0.0,0.0,0.0,0.0,0.0,0.0,6.5864112392784016,0.0,0.0,0.0,0.0,0.0,0.0,0.0,0.0,0.0
00A5000F320A000F320A000F,0.0,0.0,0.0,0.0,0.0,0.0,0.0,10.657262568409191,0.0,0.0,0.0,-3.929911003078862,0.0,0.0,0.0,-1.5,0.0,0.0,0.0,0.0
00A5100F3200B00F3200A00F,0.0,0.0,0.0,0.0,0.0,0.0,0.0,0.0,0.0,0.0,0.0,0.0,0.0,0.0,5.8543426812606425,0.0,0.0,0.0,0.0,0.0
D200000F220B000F220B000F,0.0,0.0,0.0,0.0,0.0,0.0,0.0,0.0,0.0,0.0,0.0,0.0,0.0,0.0,0.0,0.0,0.0,0.0,0.0,0.0
A410000F220A000F220A000F,0.0,0.0,0.0,0.0,0.0,0.0,0.0,0.0,0.0,0.0,0.0,0.0,0.0,0.0,0.0,0.0,0.0,0.0,0.0,0.0
A200000F3207000F3207000F,7.258417091364323,0.0,0.0,0.0,0.0,0.0,0.0,0.0,0.0,0.0,0.0,0.0,0.0,0.0,0.0,0.0,0.0,0.0,0.0,0.0
9210000F3207000F3207000F,0.0,0.0,0.0,0.0,0.0,0.0,0.0,0.0,0.0,0.0,0.0,0.0,0.0,0.0,4.968565996755653,0.0,0.0,0.0,0.0,0.0
0090000F1070000F2070000F,0.0,0.0,0.0,0.0,0.0,0.0,0.0,0.0,0.0,0.29390535658206396,0.0,0.0,0.0,0.0,0.0,0.0,0.0,0.0,0.0,0.0
00B4000F320B000F320A000F,0.0,0.0,0.0,0.0,0.0,0.0,0.0,0.0,5.223076597183887,0.0,0.0,0.0,0.0,0.0,0.0,0.0,0.0,0.0,0.0,0.0
B510000F3300B00F3300B00F,0.0,0.0,0.0,0.0,0.0,0.0,0.0,4.503929062389883,0.0,0.0,0.0,0.0,0.0,0.0,0.0,0.0,0.0,0.0,0.0,0.0
E440000F4400E00F4400E00F,0.0,0.0,0.0,0.0,0.0,0.0,0.0,0.0,0.0,0.0,0.0,0.0,0.0,0.0,0.0,0.0,0.0,0.0,0.0,0.0
C210000F3209000F3209000F,0.0,5.473730943686582,0.0,0.0,0.0,0.0,0.0,0.0,0.0,0.0,0.0,0.0,0.0,0.0,0.0,0.0,0.0,0.0,0.0,0.0
000F100F3000F00F3000F00F,0.0,0.0,0.0,0.0,0.0,0.0,0.0,0.0,0.0,0.0,0.0,0.0,0.0,0.0,0.0,0.0,0.0,0.0,0.0,5.476271825134313
000F200D3200F00F3200F00F,0.0,0.0,0.0,0.0,0.0,0.0,0.0,0.0,0.0,0.0,0.0,2.175,0.0,0.0,0.0,0.0,0.0,0.0,0.0,0.0
0090000F2107000F3007000F,0.0,0.0,0.0,0.0,0.0,0.0,0.0,0.0,0.0,0.0,0.0,6.049185115115392,0.0,0.0,0.0,0.0,0.0,0.0,0.0,0.0
0622000F3206000F3206000F,0.0,0.0,0.0,1.6176456633675294,0.0,0.0,0.0,0.0,0.0,0.0,0.0,0.0,0.0,0.0,0.0,0.0,0.0,0.0,0.0,0.0
0091000F3106000F3106000F,0.0,0.0,0.0,0.0,0.0,0.0,0.0,0.0,0.0,0.0,0.0,0.0,0.0,-6.289089488317927,0.0,0.0,1.269826207076699,0.0,0.0,0.0
00A6100F3400B00F3400B00F,0.0,0.0,0.0,0.0,0.0,0.0,-6.044652884871304,0.0,0.0,0.0,0.0,0.0,0.0,0.0,0.0,0.0,0.0,0.0,0.0,0.0
00A5000F3209000F3209000F,0.0,0.0,0.0,0.0,0.0,0.0,0.0,0.0,0.0,0.0,0.0,0.0,0.0,0.0,0.0,4.355182786717409,0.0,0.0,0.0,0.0
1092000F3207000F3207000F,0.0,0.0,0.0,0.0,0.0,36.623038116525365,0.0,0.0,0.0,0.0,0.0,0.0,0.0,0.0,0.0,0.0,0.0,0.0,0.0,0.0
000F300E3000F00D3000F00D,0.0,0.0,2.2369705638281174,0.0,0.0,0.0,0.0,0.0,0.0,0.0,-3.0,0.0,0.0,0.0,0.0,0.0,0.0,0.0,0.0,0.0
000F400F3000F00F3000F00F,0.0,0.0,0.0,0.0,0.0,0.0,3.0,0.0,0.0,0.0,0.0,0.0,0.0,0.0,0.0,0.0,0.0,0.0,0.0,0.0
0620000F2160000F3060000F,0.0,0.0,0.0,0.0,0.0,9.870793927572397,0.0,0.0,0.0,0.0,0.0,0.0,0.0,0.0,0.0,0.0,0.0,0.0,0.0,0.0
00B4000F310B000F320B000F,0.0,0.0,0.0,9.033613109598678,0.0,0.0,0.0,0.0,0.0,0.0,0.0,0.0,0.0,0.0,0.0,0.0,0.0,0.0,0.0,0.0
000F300E3200E00F3300E00F,0.0,0.0,0.0,0.0,0.0,0.0,0.0,0.0,1.756609465761403,0.0,0.0,0.0,0.0,0.0,0.0,0.0,0.0,0.0,0.0,0.0
000F500E2200F00E2200F00E,0.0,0.0,0.0,0.0,0.0,0.0,3.0988406250000002,0.0,0.0,0.0,0.0,0.0,0.0,0.0,0.0,0.0,0.0,0.0,0.0,0.0
00A4000F310A000F210A000F,0.0,0.0,0.0,0.0,0.0,0.0,6.529159267521765,0.0,0.0,0.0,0.0,0.0,0.0,0.0,0.0,0.0,0.0,0.0,0.0,0.0
0630000F3106000F3106000F,0.0,0.0,0.0,0.0,8.25,0.0,0.0,0.0,0.0,0.0,0.0,0.0,0.0,0.0,0.0,0.0,0.0,0.0,0.0,0.0
0530000F2060000F2050000F,0.0,0.0,0.0,0.0,0.0,0.0,0.0,0.0,0.0,0.0,0.0,0.0,0.0,0.0,0.0,0.0,0.0,0.0,0.0,0.0
0430000F2050000F2150000F,0.0,0.0,0.0,0.0,0.0,0.0,0.0,0.0,0.0,0.0,0.0,0.0,0.0,0.0,9.810925880950993,0.0,0.0,0.0,0.0,0.0
00B3000F3208000F3108000F,0.0,0.0,0.0,0.0,0.0,0.0,0.0,0.0,0.0,0.0,0.0,0.0,0.0,0.0,0.0,0.0,4.5,0.0,0.0,0.0
000F000F100D000F100D000F,-0.5073224145112828,0.0,0.0,0.0,0.0,0.0,0.0,0.0,-0.15514161418680028,-2.08974976810077,0.0,0.0,0.0,0.0,0.0,0.0,0.0,0.0,0.0,0.0
00B2000F3208000F3208000F,0.0,0.0,0.0,0.0,0.0,0.0,0.0,0.0,-2.4470367344756623,0.0,0.0,0.0,0.0,0.0,0.0,0.0,0.0,0.0,0.0,0.0
00A5100F4200A00F3200A00F,0.0,0.0,0.0,0.0,0.0,0.0,0.0,0.0,0.0,0.0,0.0,0.0,0.0,0.0,0.0,0.0,0.0,0.0,0.0,0.0
00A4000F310A000F310A000F,0.0,0.0,0.0,0.0,0.0,0.0,0.0,0.0,0.0,0.0,0.0,0.0,0.0,0.0,0.0,0.0,0.0,0.0,0.0,0.0
1093000F300A000F300A000F,0.0,0.0,0.0,0.0,0.0,0.0,0.0,0.0,0.0,0.0,0.0,0.0,0.0,-1.5,0.0,0.0,0.0,0.0,0.0,0.0
1092000F3108000F3108000F,0.0,0.0,0.0,0.0,0.0,0.0,0.0,0.0,0.0,0.0,0.0,0.0,0.0,0.0,0.0,0.0,0.0,0.0,0.0,0.0
0082000F2008000F3008000F,0.0,0.0,0.0,0.0,0.0,0.0,0.0,0.0,0.0,0.0,0.0,0.0,0.0,0.0,0.0,0.0,0.0,0.0,0.0,0.0
1094000F3109000F3109000F,0.0,0.0,0.0,0.0,0.0,0.0,0.0,0.0,0.0,0.0,0.0,0.0,0.0,0.0,0.0,0.0,0.0,0.0,0.0,0.0
1073000F3108000F3108000F,0.0,0.0,0.0,0.0,0.0,0.0,0.0,0.0,0.0,0.0,0.0,0.0,0.0,0.0,0.0,0.0,14.556631461783903,0.0,0.0,0.0
0520000F2060000F2050000F,0.0,0.0,0.0,1.9713671665283088,0.0,0.0,0.0,0.0,1.5,0.0,0.0,0.0,0.0,0.0,0.0,0.0,0.0,0.0,0.0,0.0
00A2000F3109000F3109000F,0.0,0.0,0.0,0.0,0.0,0.0,0.0,0.0,0.0,0.0,0.0,0.0,0.0,0.0,0.0,5.468952093338109,0.0,0.0,0.0,0.0
0081000F3106000F3106000F,0.0,0.0,0.0,0.0,0.0,0.0,0.0,0.0,0.0,0.0,0.0,0.0,3.0,0.0,0.0,0.0,0.0,0.0,0.0,0.0
0440000F3140000F3140000F,0.0,0.0,0.0,0.0,0.0,0.0,0.0,0.0,0.0,0.0,0.0,0.0,0.0,0.0,0.0,0.0,0.0,0.0,0.0,0.0
0430000F3140000F3140000F,0.0,0.0,0.0,0.0,0.0,0.0,0.0,0.0,0.0,1.5,0.0,0.0,0.0,0.0,0.0,0.0,0.0,0.0,0.0,0.0
0081000F2206000F2206000F,0.0,0.0,0.0,16.49204119399129,0.0,0.0,0.0,0.0,0.0,0.0,0.0,0.0,0.0,0.0,0.0,0.0,0.0,0.0,0.0,0.0
000F400F3000F00E3000F00E,-1.5,0.0,0.0,0.0,0.0,0.0,0.0,0.0,0.0,0.0,0.0,0.0,0.0,0.0,0.0,0.0,0.0,0.0,0.0,0.0
000F300D3000F00C3000F00C,0.0,0.0,0.0,0.0,0.0,0.0,0.0,0.0,0.0,0.0,0.0,0.0,0.0,5.078056844259742,0.0,0.0,0.0,0.0,0.0,0.0
000F400E4000F00E4000F00E,0.0,0.0,0.0,0.0,0.0,0.0,0.0,0.0,0.0,0.0,0.0,0.0,0.0,0.0,2.000531302675045,0.0,0.0,0.0,0.0,0.0
A200000F2208000F2208000F,0.0,0.0,0.0,0.0,0.0,0.0,0.0,0.0,0.0,0.0,0.0,0.0,0.0,0.0,0.0,0.0,0.0,7.338359640065783,0.0,0.0
9200000F2107000F2107000F,0.0,0.0,0.0,0.0,23.208189568913696,0.0,0.0,0.0,0.0,0.0,0.0,0.0,0.0,0.0,0.0,0.0,0.0,0.0,0.0,0.0
0070000F2060000F2060000F,0.0,-1.162328312681737,0.0,0.0,0.0,0.0,0.0,0.0,0.0,0.0,0.0,0.0,0.0,0.0,0.0,0.0,0.0,0.0,0.0,0.0
00A5000F210A000F220A000F,0.0,0.0,0.0,0.0,0.0,0.0,0.0,0.0,0.0,0.0,0.0,0.0,0.0,0.0,0.0,3.0,0.0,0.0,0.0,0.0
00C4100F2200C00F2200C00F,0.0,0.0,0.0,0.0,0.0,0.0,0.0,0.0,0.0,0.0,0.0,0.0,0.0,0.0,0.0,0.0,0.0,0.0,0.0,1.5
00A4000F3200B00F3200B00F,0.0,0.0,0.0,0.0,0.0,0.0,0.0,0.0,0.0,0.0,0.0,0.0,0.0,12.77940983434194,0.0,0.0,0.0,0.0,0.0,0.0
0000F00A0000F00A0000F00A,0.0,0.0,1.0455080619372479,0.0,0.0,0.0,0.0,0.0,0.0,0.0,0.0,0.0,0.0,0.0,0.0,0.0,0.0,0.0,0.0,0.0
000F400D3000F00D3000F00D,0.0,0.0,0.0,0.0,0.0,0.0,0.0,0.0,0.0,0.0,0.0,0.0,0.0,0.0,0.0,0.0,0.0,0.0,-1.5,0.0
000F400E2100F00E2200F00E,0.0,0.0,0.0,0.0,0.0,0.0,0.0,0.0,0.0,0.0,0.0,0.0,0.0,5.631859539029753,0.0,0.0,0.0,0.0,0.0,0.0
0091000F2108000F2107000F,0.0,0.0,0.0,0.0,0.0,0.0,0.0,0.0,0.0,0.0,0.0,0.0,7.596365679778073,0.0,0.0,0.0,0.0,0.0,0.0,0.0
100F000F100F000F100F000F,0.0,0.0,0.0,0.0,0.0,1.6003786317040487,0.0,0.0,0.0,0.0,0.0,0.0,0.0,0.0,0.0,0.0,0.0,0.0,0.0,0.0
100E000F100E000F100F000F,0.0,0.0,0.0,0.0,0.0,0.0,0.0,2.5050269362966158,0.0,0.0,0.0,0.0,0.0,0.0,0.0,0.0,0.0,0.0,0.0,0.0
0091000F2108000F3008000F,0.0,0.0,0.0,0.0,0.0,0.0,0.0,0.0,0.0,0.0,0.0,4.685719356019625,0.0,0.0,0.0,0.0,0.0,0.0,0.0,0.0
0091000F3007000F3107000F,0.0,-3.0,0.0,0.0,8.158938422189252,0.0,0.0,0.0,0.0,0.0,0.0,0.0,0.0,-6.0,0.0,0.0,0.0,0.0,0.0,0.0
0621000F3006000F3006000F,0.0,0.0,0.0,0.0,0.0,0.0,0.0,0.0,3.047641121417149,0.0,-0.959926394746268,0.0,0.0,0.0,0.0,0.0,-3.4889969191040615,0.0,0.0,0.0
0621000F2006000F3006000F,0.0,0.0,0.0,0.0,3.9392829661871924,0.0,0.0,0.0,0.0,0.0,0.0,0.0,0.0,0.0,0.0,0.0,0.0,0.0,0.0,0.0
000F100F2000E00F2000F00F,0.0,0.0,0.0,0.0,0.0,0.0,0.0,0.0,0.0,0.0,0.0,0.0,0.0,5.63617828404878,0.0,0.0,0.0,0.0,0.0,0.0
0091000F1009000F1009000F,0.0,0.0,0.0,0.0,1.1666856430832715,0.0,0.0,0.0,0.0,0.0,0.0,0.0,0.0,0.0,9.97576581755829,0.0,0.0,0.0,0.0,0.0
0090000F1009000F1009000F,0.0,0.0,0.0,0.0,0.0,0.0,0.0,0.0,0.0,0.0,3.2744287561023877,0.0,0.0,0.0,0.0,0.0,0.0,0.0,0.0,0.0
0091000F1008000F1008000F,2.7740025914405884,0.0,0.0,0.0,0.0,0.0,0.0,0.0,0.0,0.0,0.0,0.0,-1.4113905641841487,0.0,0.0,0.0,0.0,0.0,0.0,0.0
0622000F2106000F2106000F,0.0,0.0,0.0,0.0,0.0,0.0,0.0,0.0,0.0,0.0,0.0,0.0,0.0,0.0,7.89015010017989,0.0,0.0,0.0,0.0,0.0
0530000F3060000F2060000F,-0.2773146412055052,0.0,0.0,0.0,0.0,0.0,0.0,0.0,0.0,0.0,0.0,0.0,0.0,0.0,0.0,0.0,0.0,0.0,0.0,0.0
0095000F3109000F3109000F,0.0,0.0,0.0,0.0,0.0,11.00934323049579,0.0,0.0,0.0,0.0,0.0,0.0,-6.0,0.0,0.0,0.0,0.0,0.0,0.0,0.0
00A3000F3109000F3209000F,0.0,0.0,0.0,0.0,0.0,0.0,0.0,0.0,0.0,0.0,0.0,0.0,0.0,0.0,0.0,4.330636337175882,0.0,0.0,0.0,0.0
00B3000F3209000F3208000F,0.0,0.0,0.0,0.0,0.0,0.0,0.0,0.0,0.0,0.0,0.0,0.0,3.0058676622802736,0.0,0.0,0.0,0.0,0.0,0.0,0.0
0093000F200A000F3009000F,0.0,0.0,0.0,0.0,0.0,0.0,0.0,0.0,0.0,0.0,0.0,0.0,0.0,0.0,0.0,0.0,0.0,2.004026329438624,0.0,0.0
00A3000F2109000F2209000F,0.0,0.0,0.0,0.0,4.203635696607325,0.0,0.0,0.0,0.0,0.0,0.0,0.0,0.0,0.0,0.0,0.0,0.0,0.0,0.0,0.0
0530000F2105000F2105000F,0.0,5.475766339722136,0.0,0.0,0.0,0.0,0.0,0.0,0.0,0.0,0.0,0.0,0.0,0.0,0.0,0.0,0.0,0.0,0.0,0.0
000F300D4300F00F4300F00F,0.0,1.218670512687055,0.0,0.0,0.0,0.0,0.0,0.0,0.0,0.0,0.0,0.0,0.0,0.0,0.0,0.0,0.0,0.0,0.0,0.0
000F000F300C000F300B000F,0.0,0.0,0.0,0.0,0.0,0.0,0.0,0.0,0.0,2.4977626407570055,0.0,0.0,0.0,0.0,0.0,0.0,0.0,0.0,0.0,0.0
000F300F2000F00E2000F00E,0.0,0.0,0.0,0.0,2.165186356521721,0.0,0.0,0.0,0.0,0.0,0.0,0.0,0.0,0.0,0.0,0.0,0.0,1.5238235656934802,0.0,0.0
0620000F2160000F2150000F,0.0,0.0,0.0,0.0,0.0,0.0,0.0,0.0,0.0,0.0,0.0,0.0,0.0,0.0,7.792325439057716,0.0,0.0,0.0,0.0,0.0
00A2000F3108000F3107000F,0.0,0.0,0.0,0.0,0.0,0.0,0.0,0.0,0.0,7.583286700225766,0.0,0.0,0.0,0.0,0.0,0.0,0.0,0.0,0.0,0.0
00B4000F210B000F210B000F,0.0,0.0,0.0,0.0,10.652598089674811,0.0,0.0,0.0,0.0,0.0,0.0,0.0,0.0,0.0,0.0,0.0,0.0,0.0,0.0,0.0
000F300F4100D00F4100D00F,-0.7756314727151121,0.0,0.0,0.0,0.0,0.0,0.0,0.0,0.0,0.0,0.0,0.0,0.0,0.0,0.0,0.0,0.0,0.0,0.0,0.0
0090000F1160000F3060000F,0.0,0.0,0.0,0.0,0.0,0.0,0.0,0.0,0.0,0.0,0.0,0.0,0.0,0.9739833520818322,0.0,0.0,0.0,0.0,0.0,0.0
0521000F2106000F2106000F,0.0,0.0,0.0,0.0,0.0,0.0,0.0,0.0,0.0,-1.0633369586276897,-0.825,0.0,0.0,0.0,0.0,0.0,0.0,0.0,0.0,0.0
00B4100F3200B00F3200B00F,0.0,0.0,0.0,0.0,0.0,0.0,0.0,0.0,0.0,0.0,0.0,0.0,10.01271392427674,0.0,0.0,0.0,0.0,0.0,0.0,0.0
00C4000F3200C00F3200C00F,0.0,0.0,0.0,0.0,0.0,0.0,0.0,0.0,0.0,0.0,0.0,0.0,0.0,0.0,0.0,0.0,0.0,0.0,0.0,2.23543010386799
00B2000F3108000F3108000F,0.0,0.0,0.0,0.0,0.0,0.0,0.0,0.0,0.0,0.0,11.336814269727569,0.0,0.0,0.0,0.0,0.0,0.0,0.0,0.0,0.0
0090000F2160000F2160000F,0.0,0.0,0.0,0.0,0.0,0.0,0.0,0.0,0.0,0.0,0.0,0.0,0.0,0.0,0.0,0.0,0.0,0.0,0.0,2.6366755245415705
0630000F2060000F2060000F,0.0,0.0,0.0,0.0,0.0,0.0,0.0,0.0,0.0,0.0,0.0,0.0,12.574172842338307,0.0,0.0,0.0,0.0,0.0,0.0,0.0
0520000F2040000F2040000F,0.0,0.0,0.0,0.0,0.0,0.0,0.0,0.0,0.0,0.0,0.0,0.0,0.0,0.0,0.0,0.0,0.0,0.0,0.0,-0.5741392229075801
9210000F3206000F3206000F,0.0,0.0,0.0,0.0,0.0,0.0,0.0,0.0,0.0,0.0,0.0,0.0,0.0,0.0,0.0,0.0,0.0,0.0,0.0,0.0
0634000F2406000F2406000F,0.0,0.0,0.0,10.626343553742409,0.0,0.0,0.0,0.0,0.0,0.0,0.0,0.0,0.0,0.0,0.0,0.0,0.0,0.0,0.0,0.0
00A2000F3107000F3107000F,0.0,0.0,0.0,0.0,0.0,0.0,0.0,0.0,0.0,0.0,0.0,7.956529905924851,0.0,0.0,0.0,0.0,0.0,0.0,0.0,0.0
00A3000F3307000F3307000F,0.0,24.072683253043976,0.0,0.0,0.0,0.0,0.0,0.0,0.0,0.0,0.0,0.0,0.0,0.0,0.0,0.0,0.0,0.0,0.0,0.0
00A3000F2308000F2308000F,0.0,0.0,0.0,0.0,0.0,23.543218070234502,0.0,0.0,0.0,0.0,0.0,0.0,0.0,0.0,0.0,0.0,0.0,0.0,0.0,0.0
00B4000F3208000F3208000F,0.0,0.0,0.0,0.0,0.0,0.0,-3.0,0.0,0.0,0.0,0.0,0.0,0.0,0.0,0.0,0.0,0.0,0.0,0.0,0.0
00B3100F2500900F3500800F,0.0,0.0,0.0,0.0,0.0,0.0,0.0,0.0,0.0,0.0,0.0,0.0,0.0,0.0,0.0,0.0,0.0,0.0,0.0,0.0
0634000F2407000F2407000F,0.0,0.0,0.0,0.0,0.0,0.0,0.0,0.0,0.0,0.0,0.0,0.0,0.0,0.0,0.0,7.425,0.0,0.0,0.0,0.0
0091000F100A000F100A000F,0.0,0.0,0.0,0.0,0.0,0.0,0.0,0.0,0.0,0.0,0.0,0.0,0.0,0.0,0.0,0.0,0.0,0.0,5.69714485670611,0.0
00A2000F3208000F3208000F,0.0,0.0,0.0,0.0,0.0,0.0,0.0,0.0,0.0,0.0,0.0,0.0,0.0,0.0,0.0,5.9751575149685365,0.0,0.0,0.0,0.0
00A5100F3200A00F4200A00F,0.0,-3.0,0.0,0.0,0.0,0.0,0.0,0.0,0.0,0.0,0.0,0.0,0.0,0.0,0.0,0.0,0.0,0.0,0.0,0.0
B110000F3208000F3208000F,0.0,0.0,0.0,0.0,0.0,0.0,0.0,0.0,0.0,0.0,0.0,0.0,0.0,0.0,0.0,0.0,0.0,0.0,0.0,0.0
B210000F3208000F3208000F,0.0,0.0,0.0,0.0,0.0,0.0,0.0,0.0,0.0,0.0,0.0,0.0,0.0,0.0,0.0,0.0,0.0,0.0,0.0,2.08006691849946
0095000F3109000F3209000F,0.0,0.0,0.0,0.0,2.74672983727226,0.0,0.0,0.0,0.0,0.0,0.0,0.0,0.0,0.0,0.0,0.0,0.0,0.0,0.0,0.0
00A2000F2209000F2209000F,0.0,0.0,0.0,0.0,11.610543079527101,0.0,0.0,0.0,0.0,0.0,0.0,0.0,0.0,0.0,0.0,0.0,0.0,0.0,0.0,0.0
0621000F3106000F3106000F,0.0,0.0,0.0,0.0,0.0,0.0,0.0,0.0,0.0,0.0,0.0,-6.0,0.0,0.0,-4.5,0.0,0.0,0.0,0.0,0.0
1094000F3208000F3308000F,0.0,0.0,0.0,0.0,0.0,0.0,0.0,0.0,0.0,0.0,5.029443561827634,0.0,0.0,0.0,0.0,0.0,0.0,0.0,0.0,0.0
0530000F2060000F2160000F,0.0,0.0,0.0,0.0,0.0,0.0,0.0,0.0,0.0,4.9925257247958506,0.0,0.0,0.0,0.0,0.0,0.0,0.0,0.0,0.0,0.0
0092000F3207000F3107000F,0.0,0.0,0.0,0.0,0.0,0.0,0.0,0.0,0.0,0.0,-1.255119929175419,0.0,0.0,0.0,0.0,0.0,0.0,0.0,0.0,0.0
0090000F1080000F1080000F,0.0,0.5798167189120303,0.0,0.0,0.0,0.0,0.0,0.0,-0.7333662360230152,0.0,0.0,0.0,0.0,0.0,0.0,0.0,0.0,0.0,-0.019744753553243122,0.0
00D4100F3200D00F3200D00F,0.0,0.0,0.0,0.0,7.9310790361034105,0.0,0.0,0.0,0.0,0.0,4.088753836224885,0.0,0.0,0.0,0.0,0.0,0.0,0.0,0.0,0.0
00C3400F4200D00F4200D00F,0.0,0.0,0.0,0.0,0.0,0.0,0.0,0.0,0.0,0.0,0.0,0.0,0.0,0.0,0.0,0.0,0.0,0.0,0.0,0.0
00B3000F3109000F3108000F,10.52865965078267,0.0,0.0,0.0,0.0,0.0,-0.42025019350400394,0.0,0.0,0.0,0.0,0.0,0.0,0.0,0.0,0.0,0.0,0.0,0.0,0.0
D330000F3300D00F3300D00F,0.0,0.0,0.0,0.0,0.0,0.0,0.0,0.0,0.0,0.0,0.0,0.0,0.0,0.0,0.0,0.0,0.0,0.0,0.0,0.0
0633000F3307000F3307000F,0.0,0.0,0.0,0.0,0.0,0.0,0.0,0.0,0.0,0.0,0.0,0.0,19.366699011236868,0.0,0.0,0.0,0.0,0.0,0.0,0.0
00A2000F2109000F2209000F,0.0,0.0,0.0,0.0,0.0,0.0,0.0,0.0,0.0,0.0,0.0,0.0,0.0,0.0,0.0,0.0,0.0,0.0,0.0,-1.5
00B2000F2109000F2209000F,0.0,0.0,0.0,0.0,0.0,0.0,0.0,0.0,0.0,0.0,0.0,0.0,0.0,0.0,0.0,0.0,0.0,0.0,0.0,1.6191758255661735
0092000F2009000F2109000F,0.0,0.0,0.0,0.0,0.0,0.0,0.0,0.0,0.0,0.0,-2.0720462946610025,0.0,0.0,0.0,6.101087116945193,0.0,0.0,0.0,0.0,0.0
00A6100F4200A00F4300A00F,0.0,0.0,0.0,0.0,2.010296205441291,0.0,0.0,0.0,0.0,0.0,0.0,0.0,0.0,0.0,0.0,0.0,0.0,0.0,0.0,0.0
00A2000F2108000F3108000F,0.0,0.0,0.0,16.57794143160164,0.0,0.0,0.0,0.0,0.0,0.0,0.0,0.0,0.0,0.0,0.0,0.0,0.0,0.0,0.0,0.0
0520000F3006000F3006000F,0.0,0.0,0.0,0.0,0.0,0.0,0.0,0.0,0.0,0.0,0.0,0.0,0.8388924444917216,0.0,0.0,0.0,0.0,0.0,0.0,0.0
0510000F1050000F1040000F,2.3413588076631404,0.0,0.0,0.0,0.0,0.0,0.0,0.0,0.0,0.0,0.0,0.0,0.0,0.0,0.0,0.0,0.0,0.0,0.0,0.0
0521000F3006000F3006000F,0.0,0.0,0.0,0.0,0.0,0.0,-0.737235877323646,0.0,0.0,0.0,0.0,0.0,0.0,0.0,0.0,0.0,0.0,0.0,0.0,0.0
1094000F3308000F3308000F,0.0,0.0,0.0,0.0,0.0,0.0,0.0,0.0,17.14149909943626,0.0,0.0,0.0,0.0,0.0,0.0,0.0,0.0,0.0,0.0,0.0
000F000F300C000F3000C00F,0.0,0.0,0.0,0.0,0.0,0.0,0.0,0.0,0.0,0.0,0.0,0.0,0.0,0.0,0.0,0.0,0.0,10.091129281409888,0.0,0.0
10A3000F210A000F220A000F,0.0,0.0,0.0,0.0,0.0,0.0,0.0,0.0,3.5275884170000937,0.0,0.0,0.0,0.0,0.0,0.0,0.0,0.0,0.0,0.0,0.0
0081000F2007000F2007000F,0.0,0.0,0.0,0.0,0.0,0.0,0.0,0.0,2.3328283354354555,0.0,0.0,0.0,0.0,0.0,0.0,0.0,0.0,0.0,0.0,0.0
00A2000F3207000F3107000F,0.0,0.0,0.0,0.0,0.0,0.0,0.0,0.0,0.0,0.0,0.0,0.0,0.0,0.0,0.0,0.0,0.0,3.492866301050957,0.0,0.0
00A3000F3108000F3208000F,0.0,0.0,0.0,0.0,0.0,0.0,0.0,0.0,0.0,0.0,0.0,0.0,0.0,0.0,0.0,0.0,0.0,0.0,0.0,7.602516183031951
000F000F2100C00F2100C00F,0.0,0.0,0.0,0.0,0.0,0.0,0.0,0.0,0.0,0.0,0.0,0.0,0.0,4.371957356045247,0.0,0.0,0.0,0.0,0.0,0.0
000F300D4300E00F4300E00F,0.0,0.0,0.0,0.0,0.0,0.0,0.0,0.0,0.0,0.0,0.0,0.0,0.0,0.0,0.0,0.0,0.0,1.5,0.0,0.0
000F500E4300F00F4300F00F,0.0,0.0,0.0,0.0,0.0,0.0,0.0,0.0,0.0,0.0,0.0,0.0,0.0,0.0,0.0,0.0,0.0,0.0,0.0,0.0
00D4300F3400D00F4300D00F,0.0,0.0,0.0,0.0,0.0,0.0,0.0,0.0,0.0,0.0,0.0,0.0,0.0,1.5,0.0,0.0,0.0,0.0,0.0,0.0
C442000F3240D00F3240C00F,0.0,0.0,0.0,0.0,0.0,0.0,0.0,0.0,0.0,0.0,0.0,0.0,0.0,0.0,0.0,0.0,0.0,0.0,0.0,0.0
A530000F3500B00F3500B00F,0.0,0.0,0.0,0.0,0.0,0.0,0.0,1.4253287401662103,0.0,0.0,0.0,0.0,0.0,0.0,0.0,0.0,0.0,0.0,0.0,0.0
9520000F2400900F2400900F,0.0,0.0,0.0,0.0,0.0,0.0,0.0,0.0,0.0,0.0,0.0,0.0,0.0,9.095587501349518,0.0,0.0,0.0,0.0,0.0,0.0
00D3300F3200D00F3200D00F,0.0,0.0,0.0,0.0,0.0,0.0,0.0,0.0,0.0,0.0,0.0,0.0,0.0,0.0,0.0,0.0,6.6952030336529855,0.0,0.0,0.0
000F100F2100E00F2100E00F,0.0,0.0,-0.9674999999999998,0.0,0.0,0.0,0.0,0.0,0.0,0.0,0.0,0.0,0.0,0.0,0.0,0.0,0.0,0.0,0.0,0.0
0092000F3008000F3008000F,0.0,0.0,0.0,0.0,0.0,0.0,0.0,0.0,0.0,0.0,0.0,0.0,2.4822823382882744,0.0,0.0,0.0,0.0,0.0,0.0,0.0
0070000F1060000F1060000F,0.0,0.0,0.0,0.0,0.0,5.777109741767642,0.0,0.0,0.0,0.0,0.0,0.0,0.0,0.0,0.0,0.0,0.0,0.0,0.0,0.0
0092000F3108000F3107000F,0.0,0.0,0.0,0.0,0.0,0.0,0.0,0.0,0.0,0.0,-3.028885378875859,0.0,0.0,0.0,0.0,0.0,0.0,0.0,0.0,0.0
0440000F2140000F2140000F,0.0,0.0,0.0,0.0,0.0,0.0,0.0,0.0,0.0,16.029306429114655,0.0,0.0,0.0,0.0,0.0,0.0,0.0,0.0,0.0,0.0
100F000F100F000F1000F00F,0.0,0.0,0.0,0.5417737057029098,0.0,0.0,0.0,0.0,0.0,0.0,0.0,0.0,0.0,0.0,0.0,0.0,0.0,0.0,0.0,0.0
000F200F3000E00F4000E00F,0.0,0.0,0.0,0.0,0.0,0.0,0.0,0.0,0.0,0.0,0.0,0.0,0.0,0.0,0.0,0.0,0.0,2.3925327763171786,0.0,0.0
000B000F000B000F000C000F,0.0,0.0,0.6251348611575279,0.0,0.0,0.0,0.0,0.0,0.0,0.0,0.0,0.0,0.0,0.0,0.0,0.0,0.0,0.0,0.0,0.0
0000F00A2000F00C2000F00C,0.0,0.0,0.0,0.0,0.0,0.0,0.0,0.0,0.0,0.0,0.0,0.0,0.0,0.0,0.0,0.0,0.0,0.0,0.0,0.0
000F300F3000F00F3000F00F,0.0,0.0,0.7290000000000001,0.0,0.0,0.0,0.0,0.0,0.0,0.0,0.0,0.0,0.0,0.0,0.0,0.0,0.0,0.0,0.0,0.0
00A3100F310B000F310B000F,0.0,0.0,0.0,0.0,0.0,0.0,4.967822559856788,0.0,0.0,0.0,0.0,0.0,0.0,0.0,0.0,0.0,0.0,0.0,0.0,0.0
0094000F3109000F3109000F,0.0,0.0,0.0,0.0,0.0,0.0,0.0,0.0,0.0,0.0,0.0,0.0,7.159118853854534,0.0,0.0,0.0,0.0,0.0,0.0,0.0
00B4000F320B000F320B000F,0.0,0.0,0.0,0.0,0.0,0.0,0.0,0.0,0.7287402402757448,0.0,0.0,0.0,0.0,0.0,0.0,0.0,0.0,0.0,0.0,0.0
00C3300F4300C00F4300C00F,0.0,0.0,-6.0,0.0,0.0,0.0,0.0,0.0,0.0,0.0,0.0,0.0,0.0,0.0,0.0,0.0,0.0,0.0,0.0,0.0
0085000F3208000F3208000F,0.0,0.0,0.0,0.0,0.0,0.0,0.0,0.0,0.0,0.0,0.0,0.0,7.628827446989144,0.0,0.0,0.0,0.0,0.0,0.0,0.0
0091000F2008000F3008000F,0.0,0.0,0.0,0.0,0.0,0.0,0.0,0.0,0.0,0.0,0.0,0.0,0.0,0.0,0.0,0.0,0.0,0.7746791316293633,0.0,0.0
0092000F1009000F2009000F,0.0,0.0,0.0,0.0,0.0,4.963736550650172,0.0,0.0,0.0,0.0,0.0,0.0,0.0,0.0,0.0,0.0,0.0,0.0,0.0,0.0
0530000F2140000F2140000F,0.0,0.0,0.0,0.0,0.0,0.0,0.0,0.0,0.0,0.0,0.0,0.0,0.0,0.0,0.0,0.0,0.0,0.0,0.0,4.1559961763342494
0091000F1107000F1107000F,0.0,0.0,0.0,0.0,1.823907562622161,0.0,0.0,0.0,0.0,0.0,0.0,0.0,0.0,0.0,0.0,0.0,0.0,0.0,0.0,0.0
000F300F3000F00E3000F00F,0.0,0.0,0.0,0.0,0.0,0.0,0.0,0.0,0.0,0.0,0.0,0.0,0.0,0.0,-1.5,0.0,0.2284512750363279,0.0,0.0,0.0
000F400D3000F00D4000F00D,0.0,0.0,0.0,0.0,0.0,0.0,0.0,0.0,2.0549067502080147,0.0,0.0,0.0,0.0,0.0,0.0,0.0,0.0,0.0,0.0,0.0
0090000F2107000F2106000F,0.0,0.0,0.0,0.0,0.0,0.0,0.0,0.0,0.0,0.0,0.0,0.0,8.105378917317623,0.0,0.0,0.0,0.0,0.0,0.0,0.0
0090000F2160000F3060000F,0.0,0.0,0.0,0.0,0.0,0.0,0.0,0.0,0.0,10.926356454482647,0.0,0.0,0.0,0.0,0.0,0.0,0.0,0.0,0.0,0.0
0093000F3108000F3107000F,0.0,0.0,0.0,0.0,0.0,0.0,0.0,0.0,0.0,0.0,0.0,0.0,1.5,0.0,0.0,0.0,0.0,0.0,3.0,0.0
0093000F210A000F210A000F,0.0,0.0,3.3290866679676316,0.0,0.0,0.0,0.0,0.0,0.0,0.0,0.0,0.0,0.0,0.0,0.0,0.0,0.0,0.0,0.0,0.0
0083000F3207000F3207000F,0.0,0.0,0.0,0.0,0.0,6.031053103045611,0.0,0.0,0.0,0.0,0.0,0.0,0.0,0.0,0.0,0.0,0.0,0.0,0.0,0.0
0520000F3150000F3150000F,0.0,0.0,0.0,0.0,0.0,0.0,0.0,0.0,10.994679255747885,0.0,0.0,0.0,0.0,0.0,0.0,0.0,0.0,0.0,0.0,0.0
00B2000F200B000F200B000F,0.0,0.0,0.0,0.0,0.0,0.0,0.0,2.41209375,0.0,0.0,0.0,0.0,0.0,0.0,0.0,0.0,0.0,0.0,0.0,0.0
00B4000F210B000F300B000F,0.0,0.0,0.0,0.0,0.0,0.0,0.0,0.0,0.0,0.0,0.0,0.0,0.0,0.0,0.0,0.0,0.0,0.0,0.0,0.0
00C4000F2100C00F2100C00F,0.0,0.0,0.0,0.0,0.0,0.0,0.0,0.0,0.0,0.0,0.0,0.0,0.0,0.0,0.0,0.0,0.0,3.8351954601080016,0.0,0.0
0096000F320A000F320A000F,0.0,0.0,0.0,0.0,0.0,0.0,0.0,0.0,0.0,0.0,0.0,0.0,0.0,0.0,0.0,0.675,0.0,0.0,0.0,0.0
0630000F1160000F3060000F,0.0,0.0,0.0,1.6744954957031255,0.0,0.0,0.0,0.0,0.0,0.0,0.0,0.0,0.0,0.0,0.0,0.0,0.0,0.0,0.0,0.0
000F000F200D000F300D000F,1.9312350335875195,0.0,0.0,0.0,0.0,0.0,0.0,0.0,0.0,0.0,0.0,0.0,0.0,0.0,0.0,0.0,0.0,0.0,0.0,0.0
00B3100F3209000F3209000F,0.0,0.0,0.0,0.0,0.0,0.0,0.0,0.0,0.0,0.0,0.0,0.0,0.0,-1.5,0.0,0.0,0.0,0.0,0.0,0.0
000F000F3000C00F3100C00F,0.0,0.0,0.0,0.0,0.0,0.0,1.9231869987281047,0.0,0.0,0.0,0.0,0.0,0.0,0.0,0.0,0.0,0.0,0.0,0.0,0.0
100E000F3100B00F3100B00F,0.0,0.0,0.0,0.0,0.0,0.0,1.5,0.0,0.0,0.0,0.0,0.0,0.0,0.0,0.0,0.0,0.0,0.0,0.0,0.0
10A3200F4200A00F4200A00F,0.0,0.0,0.0,0.0,0.0,0.0,0.0,0.0,0.0,0.0,0.0,0.0,0.0,11.517528686474856,0.0,0.0,0.0,0.0,0.0,0.0
000F200E2200F00F2200F00F,0.0,0.0,0.0,0.0,0.0,0.0,0.0,6.717382931020449,0.0,0.0,0.0,0.0,0.0,0.0,0.0,0.0,0.0,0.0,0.0,0.0
00B3000F310B000F310B000F,0.0,0.0,0.0,0.0,4.31936671734058,0.0,0.0,0.0,0.0,0.0,0.0,0.0,0.0,0.0,0.0,0.0,0.0,0.0,0.0,0.0
0091000F2206000F2206000F,0.0,0.0,0.0,0.0,0.0,0.0,0.0,0.0,0.0,0.0,0.0,0.0,0.0,0.0,0.0,0.0,0.0,0.0,0.0,19.839643127295055
00A5100F3200B00F3200B00F,0.0,0.0,0.0,0.0,0.0,0.0,0.0,0.0,-1.5,0.0,9.33209478306777,0.0,0.0,0.0,0.0,0.0,0.0,0.0,0.0,0.0
000F000F2000E00F3000E00F,0.0,0.0,0.0,0.0,0.0,0.0,0.0,0.0,0.0,0.0,0.0,0.0,0.0,0.0,0.7509375000000001,0.0,0.0,0.0,0.0,0.0
000F000F200C000F300C000F,0.0,8.315421765876476,0.0,0.0,0.0,0.0,0.0,0.0,0.0,0.0,0.0,0.0,0.0,0.0,0.0,0.0,0.0,0.0,0.0,0.0
000F000F300D000F300C000F,0.0,0.0,0.0,0.0,0.0,0.0,0.0,0.0,0.0,0.0,3.0210906475907313,0.0,0.0,0.0,0.0,0.0,0.0,0.0,0.0,0.0
0530000F2106000F3106000F,0.0,0.0,0.0,0.0,0.0,0.0,0.0,0.0,0.0,0.0,0.0,0.0,0.0,0.0,0.0,0.0,0.6175473027566207,0.0,0.0,0.0
0091000F1107000F3007000F,0.0,3.3249791615590265,0.0,0.0,0.0,0.0,0.0,0.0,0.0,0.0,0.0,0.0,0.0,0.0,0.0,0.0,0.0,0.0,0.0,0.0
0631000F2206000F3106000F,0.0,0.0,0.0,0.0,8.912170162794997,0.0,0.0,0.0,0.0,0.0,0.0,0.0,0.0,0.0,0.0,0.0,0.0,0.0,0.0,0.0
00A2000F2207000F2207000F,0.0,0.0,-4.5,-7.5,0.0,0.0,0.7537500000000001,0.0,0.0,8.357510440569994,0.0,0.0,0.0,0.0,0.0,0.0,0.0,0.0,0.0,0.0
0093000F2009000F2009000F,0.0,0.0,0.0,0.0,0.0,0.0,0.0,0.0,0.0,0.0,0.0,0.0,0.0,0.0,0.0,0.0,0.0,0.0,0.0,2.485956876629966
0094000F2209000F2209000F,0.0,0.0,0.0,0.0,0.0,0.0,0.0,0.0,0.0,1.5,0.0,0.0,0.0,0.0,0.0,0.0,0.0,0.0,0.0,2.4815374648234307
5000000F2030000F2030000F,0.0,0.0,2.2181662440202072,0.0,0.0,0.0,0.0,0.0,0.0,0.0,0.0,0.0,0.0,0.0,0.0,0.0,0.0,0.0,0.0,0.0
4100000F2130000F2130000F,0.0,0.0,0.0,0.0,0.0,0.0,0.0,0.0,0.0,0.0,0.0,0.0,0.0,0.0,0.0,0.0,0.0,0.0,0.0,0.0
5100000F2130000F2130000F,0.0,0.0,0.0,0.0,0.0,0.0,0.0,0.0,11.959883872216219,0.0,0.0,0.0,0.0,0.0,0.0,0.0,0.0,0.0,0.0,0.0
00A6100F4300B00F4300A00F,0.0,0.0,0.0,0.0,3.3931201099620454,0.0,0.0,0.0,0.0,0.0,0.0,0.0,0.0,0.0,0.0,0.0,0.0,0.0,0.0,0.0
00A4100F3200A00F3200A00F,0.0,0.0,0.0,0.0,0.0,0.0,0.0,0.0,0.0,0.0,0.0,0.0,0.0,0.0,0.0,0.0,0.0,0.0,0.0,8.362963034447013
00B5100F3200C00F3200B00F,0.0,0.0,0.0,0.0,0.0,0.0,0.0,0.0,0.0,0.0,-4.5,0.0,0.0,0.0,0.0,0.0,0.0,0.0,0.0,0.0
000F100F2100D00F4000D00F,0.0,0.0,0.0,0.0,0.0,0.0,0.0,0.0,0.0,0.0,2.37844004827815,0.0,0.0,0.0,0.0,0.0,0.0,0.0,0.0,0.0
00C4000F2200C00F2200C00F,0.0,0.0,0.0,0.0,0.0,0.0,0.0,0.0,0.0,0.0,0.0,0.0,0.0,0.0,0.0,0.0,5.430929982173642,0.0,0.0,0.0
000F200E2000F00D2000F00D,0.0,0.0,0.0,0.0,0.0,0.0,0.0,0.0,0.0,0.0,1.4248478986369477,0.0,0.0,0.0,0.0,0.0,0.0,0.0,0.0,0.0
000C000F200B000F200B000F,0.0,0.0,0.0,0.0,0.0,1.616803108920486,0.0,0.0,0.0,0.0,0.0,0.0,0.0,0.0,0.0,0.0,0.0,0.0,0.0,0.0
0510000F1060000F1060000F,0.0,0.0,0.0,0.0,0.0,0.0,0.0,0.0,0.0,3.409419622539005,0.0,0.0,0.0,0.0,0.0,0.0,0.0,0.0,0.0,0.0
0091000F1008000F2008000F,0.0,0.0,0.0,0.0,0.0,0.0,2.643698548191768,0.0,0.0,0.0,0.0,0.0,0.0,0.0,0.0,0.0,0.0,0.0,0.0,0.0
0070000F1050000F1050000F,0.0,0.0,0.0,0.0,0.0,0.0,0.0,0.0,0.0,0.0,2.255262023844133,0.0,0.0,0.0,0.0,0.0,0.0,0.0,0.0,0.0
000F000F4000C00F3000C00F,0.0,0.0,0.0,0.0,0.0,0.0,0.0,0.0,0.0,0.0,0.0,0.0,0.0,0.0,0.0,0.0,0.4044691189793146,0.0,0.0,0.0
0430000F2150000F2140000F,0.0,0.0,0.0,0.0,0.0,0.0,0.0,4.5,0.0,0.0,0.0,0.0,0.0,0.0,0.0,0.0,0.0,0.0,0.0,0.0
000F200E3200F00F2200F00F,0.0,0.0,0.0,0.0,0.0,0.0,0.0,0.0,0.0,0.0,0.0,0.0,0.0,0.0,0.0,0.0,0.0,0.0,-0.6887184983114403,0.0
00D3400F4200D00F4200D00F,0.0,0.0,0.0,0.0,0.0,0.0,0.0,0.0,0.0,0.0,0.0,0.0,0.0,3.0,0.0,0.0,0.0,0.0,0.0,0.0
000F000F4000D00F4000C00F,0.0,0.0,0.0,0.0,0.0,0.0,0.0,3.7456076986188576,0.0,0.0,0.0,0.0,0.0,0.0,0.0,0.0,0.0,0.0,0.0,0.0
0093000F3108000F3108000F,0.0,0.0,0.0,0.0,0.0,0.0,0.0,0.0,0.0,0.0,0.0,0.0,0.0,2.9779390449296037,0.0,0.0,0.0,0.0,0.0,0.0
A200000F3108000F3108000F,0.0,0.0,0.0,0.0,0.0,0.0,0.0,0.0,0.0,0.0,0.0,0.0,0.0,0.0,0.0,0.0,0.0,0.0,0.0,0.0
9210000F3107000F3107000F,0.0,0.0,0.0,0.0,0.0,0.0,0.0,0.0,0.0,4.5,0.0,0.0,0.0,0.0,0.0,0.0,0.0,0.0,0.0,0.0
0420000F2040000F2040000F,0.0,0.0,0.0,0.0,0.0,0.0,0.0,0.0,0.0,0.0,0.0,0.0,0.0,0.0,5.789090221223325,0.0,0.0,0.0,0.0,-1.5
100D500F3300E00F3300E00F,0.0,0.0,0.0,0.0,0.0,0.0,-0.023174766191553342,0.0,0.0,0.0,0.0,0.0,0.0,0.0,-3.0,0.0,0.0,0.0,0.0,0.0
00A4000F300A000F300A000F,0.0,0.0,0.0,0.0,0.0,0.0,0.0,0.0,0.0,0.0,0.0,0.0,0.0,0.0,0.0,4.596725847495682,0.0,0.0,0.0,0.0
0093000F3107000F3207000F,0.0,0.0,0.0,0.0,0.0,18.010788586342503,0.0,0.0,0.0,0.0,0.0,0.0,0.0,0.0,0.0,0.0,0.0,0.0,0.0,0.0
00B3000F300C000F300C000F,0.0,0.0,0.0,0.0,0.0,0.0,4.189571323160999,0.0,0.0,0.0,0.0,0.0,0.0,0.0,0.0,0.0,0.0,0.0,0.0,0.0
0521000F2050000F2050000F,0.0,0.0,0.0,0.0,0.0,0.0,0.0,0.0,0.0,0.0,0.0,0.0,0.0,0.6840381335180012,0.0,0.0,0.0,0.0,0.0,0.0
00A4000F210B000F220B000F,0.0,0.0,0.0,0.0,0.0,0.0,0.0,0.0,0.0,0.0,0.0,5.886027052942252,0.0,0.0,0.0,0.0,0.0,0.0,0.0,0.0
0510000F2140000F2130000F,0.0,0.0,0.0,2.226994296565466,0.0,0.0,0.0,0.0,0.0,0.0,0.0,0.0,0.0,0.0,0.0,0.0,0.0,0.0,0.0,0.0
0620000F2060000F2060000F,0.0,0.0,0.0,0.0,0.0,0.0,0.0,0.0,0.0,0.0,8.348474772380456,0.0,0.0,0.0,0.0,0.0,0.0,0.0,0.0,0.0
0440000F2150000F2140000F,0.0,0.0,0.0,0.0,0.0,0.0,0.0,0.0,0.0,0.0,0.0,0.0,0.0,0.0,0.0,-0.48678943353517257,0.0,0.0,0.0,0.0
000F300F3200D00F3300D00F,0.0,0.0,0.0,0.0,0.0,0.0,0.0,0.0,0.0,0.0,0.0,0.0,0.0,0.0,3.9125089316224706,0.0,0.0,0.0,0.0,0.0
0082000F3107000F3106000F,0.0,0.0,0.0,0.0,0.0,0.0,0.0,0.0,0.0,0.0,0.0,0.0,0.0,0.0,6.981038384476323,0.0,0.0,0.0,0.0,0.0
00A3000F2209000F2209000F,0.0,0.0,0.0,-2.4628724938517133,0.0,0.0,0.0,0.0,0.0,0.0,0.0,0.0,0.0,0.0,0.0,0.0,0.0,0.0,0.0,0.0
00A4000F310B000F210B000F,0.0,0.0,0.0,0.0,0.0,0.0,0.0,0.0,0.0,0.0,0.0,0.0,2.248986615039979,0.0,0.0,0.0,0.0,0.0,0.0,0.0
0530000F2160000F2150000F,0.0,0.0,0.8956402728973787,0.0,0.0,0.0,0.0,0.0,0.0,0.0,0.0,0.0,0.0,0.0,0.0,0.0,0.0,0.0,0.0,0.0
00C5200F4200C00F4200C00F,0.0,0.0,0.0,0.0,0.0,0.0,0.0,0.0,0.0,0.0,0.0,0.0,0.0,0.0,3.9669543331969215,0.0,0.0,0.0,0.0,0.0
000F600E3200F00E2200F00E,0.0,0.0,0.0,0.0,0.0,0.0,0.0,0.0,0.0,0.0,0.0,0.0,0.0,1.6991774100224015,0.0,0.0,0.0,0.0,0.0,0.0
00B3000F210B000F210B000F,0.0,0.0,0.0,0.0,0.0,0.0,0.0,5.807480191014254,0.0,0.0,0.0,0.0,0.0,0.0,0.0,0.0,0.0,0.0,0.0,0.0
8100000F3007000F3007000F,0.0,0.0,0.0,0.0,0.0,0.0,0.0,0.0,0.0,0.0,0.0,0.0,5.272245207313744,0.0,0.0,0.0,0.0,0.0,0.0,0.0
00A5000F310A000F320A000F,0.0,0.0,0.0,0.0,0.0,0.0,0.0,0.0,0.0,0.0,0.0,0.0,0.0,0.0,0.0,-1.5,0.0,0.0,0.0,0.0
0092000F300A000F300A000F,0.0,0.0,0.0,0.0,0.0,0.0,0.0,2.8046348496447018,0.0,0.0,0.0,0.0,0.0,0.0,0.0,0.0,0.0,0.0,0.0,0.0
6100000F2050000F2050000F,0.0,0.0,0.0,0.0,0.0,0.0,0.0,0.0,0.0,0.0,0.0,0.0,0.0,0.0,0.0,2.5771967025741818,0.0,0.0,0.0,0.0
8200000F2106000F2106000F,0.0,0.0,0.0,0.0,0.0,0.0,0.0,0.0,0.0,0.0,3.2878446603368787,0.0,0.0,0.0,0.0,0.0,0.0,0.0,0.0,0.0
0500000F1130000F1130000F,0.0,0.0,0.0,0.0,0.0,0.0,0.0,0.0,0.0,0.0,0.0,0.0,0.0,0.0,0.0,0.0,0.0,0.0,0.0,0.0
0410000F2030000F2030000F,0.7762156386914597,0.0,0.0,0.0,0.0,0.0,0.0,0.0,0.0,0.0,0.0,0.0,0.0,0.0,0.0,0.0,0.0,0.0,0.0,0.0
0094000F210A000F3009000F,0.0,0.0,0.0,0.0,0.0,0.0,0.0,0.0,0.0,0.0,0.0,0.0,0.0,0.0,3.7146894188879367,0.0,0.0,0.0,0.0,0.0
0430000F1150000F2050000F,0.0,0.0,0.0,0.0,0.0,0.0,0.0,0.0,0.0,10.277046333243678,0.0,0.0,0.0,0.0,0.0,0.0,0.0,0.0,0.0,0.0
00B3400F4300C00F4300C00F,0.0,0.0,0.0,0.0,0.0,0.0,0.0,0.0,0.0,0.0,0.0,0.0,0.0,0.0,0.0,0.0,0.0,0.0,0.0,0.0
000F000F200D000F200C000F,0.0,0.0,0.0,0.0,1.9368126919013278,0.0,0.0,0.0,0.0,0.0,0.0,0.0,0.0,0.0,0.0,0.0,0.0,0.0,0.0,0.0
000F000F300B000F300B000F,0.0,0.0,0.0,0.0,0.0,0.0,0.0,0.0,0.0,0.0,0.0,0.0,0.0,0.0,0.0,0.16215867771714798,0.0,0.0,0.0,0.0
000F200F4000E00F4000D00F,0.0,0.0,0.0,0.0,0.0,0.0,0.0,0.0,0.0,0.0,0.0,0.0,0.0,0.0,0.0,0.0,0.0,0.0,2.2469708877978123,0.0
00A4000F210B000F300B000F,0.0,0.0,0.0,0.0,0.0,0.0,0.0,0.0,0.0,0.0,0.0,0.0,2.610636943221603,0.0,0.0,0.0,0.0,0.0,0.0,0.0
00A4000F220B000F220A000F,0.0,0.0,10.5,0.0,0.0,0.0,0.0,0.0,0.0,0.0,0.0,0.0,0.0,0.0,0.0,0.0,0.0,0.0,0.0,0.0
00B4000F220B000F220B000F,0.0,0.0,0.0,1.8962245878194066,0.0,0.0,0.0,0.0,0.0,0.0,0.0,0.0,0.0,0.0,0.0,0.0,0.0,0.0,0.0,0.0
0070000F2050000F2050000F,0.0,0.0,0.0,0.0,0.0,0.0,0.0,4.046932451182521,0.0,0.0,0.0,0.0,0.0,0.0,0.0,0.0,0.0,0.0,0.0,0.0
00D3400F4300E00F4300E00F,0.0,0.0,0.0,0.0,0.0,0.0,0.0,0.0,0.0,0.0,-1.5,0.0,0.0,0.0,0.0,0.0,0.0,0.0,0.0,0.0
00A3000F2109000F2208000F,0.0,0.0,0.0,0.0,0.0,0.0,0.0,0.0,0.0,0.0,0.0,0.0,0.0,0.0,0.0,0.0,0.0,0.0,0.0,7.077110229574303
0091000F2106000F3106000F,0.0,0.0,0.0,0.3265318706757365,0.0,0.0,0.0,0.0,0.0,0.0,0.0,0.0,0.0,0.0,0.0,0.0,0.0,0.0,0.0,0.0
000B000F100A000F100A000F,0.0,0.0,0.0,0.0,0.0,0.0,0.0,0.0,0.0,0.0,0.0,0.0,0.0,0.0,0.0,0.0,0.0,0.0,0.0,0.0
00C4200F4200C00F4200C00F,0.0,0.0,0.0,0.0,0.0,5.283129045757987,0.0,0.0,0.0,0.0,0.0,0.0,0.0,0.0,0.0,0.0,0.0,0.0,0.0,0.0
0090000F2006000F3006000F,1.2109559682964777,0.0,0.0,0.0,0.0,0.0,0.0,0.0,0.0,0.0,0.0,0.0,0.0,0.0,0.0,0.0,0.0,0.0,0.0,0.0
0095000F220A000F2209000F,0.0,0.0,0.0,3.978809729755782,0.0,0.0,0.0,0.0,0.0,0.0,0.0,0.0,0.0,0.0,0.0,0.0,0.0,0.0,0.0,0.0
00B5200F4300B00F4300B00F,0.0,14.761935346677,0.0,0.0,0.0,0.0,0.0,0.0,0.0,0.0,0.0,0.0,0.0,0.0,0.0,0.0,0.0,0.0,0.0,0.0
00D3300F3300D00F3300D00F,0.0,0.0,0.0,0.0,0.0,0.0,0.0,0.0,0.0,0.0,0.0,0.0,0.0,0.0,0.0,0.0,-3.0,0.0,0.0,0.0
00C4500F4400D00F4400D00F,0.0,0.0,0.0,0.0,0.0,0.0,0.0,0.0,0.0,0.0,0.0,0.0,0.0,4.067042805440804,0.0,0.0,0.0,-3.0,0.0,0.0
0530000F3060000F3050000F,0.0,0.0,0.0,0.0,0.0,0.0,0.0,0.0,0.0,0.0,0.0,0.0,0.0,-1.5,0.0,0.0,0.0,0.0,0.0,0.0
0430000F2050000F2050000F,0.0,6.024383316293879,0.0,0.0,0.0,0.0,0.0,0.0,0.0,0.0,0.0,0.0,0.0,0.0,0.0,0.0,0.0,0.0,0.0,0.0
B210000F3209000F3209000F,0.0,0.0,0.0,0.0,0.0,0.0,0.0,0.0,0.0,0.0,0.0,0.0,0.0,0.0,0.0,0.0,0.0,0.0,0.0,1.5
D210000F3200B00F3200B00F,0.0,0.0,0.0,0.0,0.0,0.0,0.0,0.0,0.0,0.0,0.0,0.0,0.0,0.0,0.0,15.426357849317924,0.0,0.0,0.0,0.0
000C000F100B000F200A000F,0.0,0.0,0.0,0.0,0.0,0.0,0.0,0.0,0.0,0.0,2.233091692162081,0.0,0.0,0.0,0.0,0.0,0.0,0.0,0.0,0.0
0092000F200A000F3009000F,0.0,0.0,0.0,0.0,0.0,0.0,0.0,0.0,0.0,0.0,0.0,0.0,0.0,0.0,0.0,0.0,0.0,0.0,4.43051868067901,0.0
7100000F2140000F2140000F,0.0,0.0,0.0,0.0,0.0,0.0,0.0,0.0,0.0,0.0,0.0,0.0,0.0,0.0,0.0,3.847899619692738,0.0,0.0,0.0,0.0
00A5000F210B000F220B000F,0.0,0.0,0.0,0.0,0.0,0.0,0.0,0.0,0.0,2.1665638518341996,0.0,0.0,0.0,0.0,0.0,0.0,0.0,0.0,0.0,0.0
0083000F2108000F2108000F,0.0,0.0,0.0,0.0,0.0,0.0,0.0,0.0,0.0,0.0,0.0,0.0,9.733054872116783,0.0,0.0,0.0,0.0,0.0,0.0,0.0
00A3000F300B000F300A000F,0.0,0.0,0.0,0.0,0.0,6.425964150895367,0.0,0.0,0.0,0.0,0.0,0.0,0.0,0.0,0.0,0.0,0.0,0.0,0.0,0.0
00B2000F3109000F3109000F,0.0,0.0,0.0,0.0,0.0,0.0,0.0,0.0,0.0,0.0,3.3857854208552034,0.0,0.0,0.0,0.0,0.0,0.0,0.0,0.0,0.0
00A1000F2009000F3008000F,0.0,0.0,0.0,0.0,0.0,0.0,0.0,0.0,0.0,0.0,0.0,0.0,0.0,0.0,-1.5,0.0,0.0,0.0,0.0,0.0
00A1000F2009000F2008000F,0.0,0.0,0.0,0.0,0.0,0.0,0.0,0.0,0.0,0.0,0.0,0.0,0.0,0.0,5.3259375,0.0,0.0,0.0,0.0,0.0
0510000F2040000F2030000F,0.0,0.0,0.0,0.0,0.0,0.0,0.0,0.0,11.685248990418826,0.0,0.0,0.0,0.0,0.0,0.0,0.0,0.0,0.0,0.0,0.0
100D000F100D000F100D000F,0.0,0.0,0.0,0.0,0.0,0.0,0.0,0.0,0.0,0.0,0.0,0.0,0.0,0.0,0.0,0.0,0.0,0.0,0.0,0.0
100E000F100E000F100E000F,0.0,0.0,0.0,0.0,0.0,0.0,0.0,0.0,1.014151138254981,0.0,0.0,0.0,0.0,0.0,0.0,0.0,0.0,0.0,0.0,0.0
00A2000F2009000F2109000F,0.0,0.0,0.0,0.0,0.0,0.0,0.0,0.0,0.0,0.0,0.0,0.0,0.0,0.0,0.0,0.0,0.0,0.0,0.7011986434534223,0.0
00A3000F2109000F3109000F,0.0,0.0,0.0,0.0,0.0,0.0,0.0,0.0,0.0,0.0,0.0,0.0,0.0,0.0,1.6325839703383371,0.0,0.0,0.0,0.0,0.0
