,action_TFC,action_TFU,action_TNC,action_greedy,action_DFC,action_DFU,action_DNC,action_DNU,action_retreat
10A3000F3306000F3306000F,-11.911193415885064,36.19207507428982,-12.173903376838023,-6.013664344867037,4.788113944967337,2.2566360499917133,-3.5065252725982363,-4.154282292197307,4.477261752054098
1094000F3307000F3307000F,-9.0,9.499789841265311,-11.221060572590662,-3.55731875562976,-13.5,-1.5,-6.225240668139449,64.6505865794353,-1.5
1093000F3307000F3307000F,-0.4713824656779657,-3.296311582844565,-5.65007520494438,-6.99490745256149,12.798861574537012,-5.2903537141076376,-3.36085572331047,4.5626380249512914,43.48300844715467
1083000F3307000F3307000F,69.46047746823902,6.603207458080191,-15.0,-15.485732046835297,-7.399532438105312,-10.5,37.93877879119497,10.027364867745664,-11.07427540752116
1093000F3207000F3307000F,-13.5,0.0,-13.51831369257295,16.127784082552797,-10.5,-3.0,-6.928880256276063,-2.552664440552824,86.0845349767851
10A3000F3308000F3308000F,0.0,67.82628855773399,-10.778692095015508,0.0,0.0,0.0,0.0,-4.5,0.0
1083000F3207000F3206000F,186.44966698754985,0.0,0.0,0.0,0.0,0.0,0.0,0.0,90.71908407687985
1073000F3207000F3207000F,43.77366123278994,0.0,53.68797654356888,21.890237968574276,106.26431250920355,0.0,0.0,0.0,53.03776076836894
1074000F3207000F3207000F,0.0,92.72299915845457,0.0,0.0,175.79429024872204,0.0,0.0,0.0,0.0
1083000F3207000F3207000F,110.73479593060217,48.46137094620163,24.585940143766166,47.07507017013175,31.61821119495358,0.0,45.05216703460055,26.63228069853089,49.57129578877698
D000000FD000000FD000000F,3.15408835601416,3.5956183589083492,6.973561305347005,2.1719880826759264,13.168347208791394,2.0394601450982996,3.5289006682658,3.7469551548098967,0.9759942028694378
terminal,0.0,0.0,0.0,0.0,0.0,0.0,0.0,0.0,0.0
1092000F3206000F3206000F,104.98139866050539,0.0,-7.244667953911243,-6.0,-10.5,0.0,-7.457813882292241,-6.3820328686111925,0.0
1081000F3205000F3205000F,0.0,0.0,0.0,0.0,0.0,0.0,25.993675497610333,44.588099717692714,-10.5
1081000F3206000F3206000F,0.0,0.0,60.768662209901464,25.895375199299316,0.0,0.0,0.0,80.79269787330266,21.94328220386001
1081000F3106000F3206000F,0.0,0.0,0.0,158.8477588827426,7.221711514826364,42.3340068358944,0.0,0.0,0.0
1080000F3150000F3105000F,0.0,125.0271638057752,0.0,0.0,0.0,0.0,0.0,15.238824067927489,75.4724956731401
1081000F3106000F3106000F,45.326525925165186,30.968036122620163,17.226692240326013,28.288028666672655,22.8773454480841,38.47672055398742,43.742136908353615,16.266077829244324,83.16817822135751
0092000F3207000F3207000F,0.0,0.0,0.0,15.501387842827851,0.0,64.89822175387444,51.019811510488374,70.36386550589754,72.09757567443248
1082000F3306000F3206000F,-0.9681779501359875,0.0,0.0,0.0,0.0,0.0,40.60331730222231,-4.5,0.0
1080000F2150000F2150000F,61.71555167047017,0.0,0.0,0.0,0.0,-1.5,0.0,-6.0,0.0
1080000F3105000F3105000F,0.0,18.460357061364263,0.0,15.273132822271101,0.0,10.60639691465199,26.44752785882144,0.0,60.8961638675053
2085000F4308000F3400800F,-4.5,0.0,-18.0,-4.125,0.0,-8.523563929048331,-15.0,0.0,60.11462730911477
2083000F4207000F3307000F,0.0,0.0,0.0,0.0,0.0,0.0,0.0,126.54486316891902,0.0
0081000F2206000F2206000F,0.0,0.0,0.0,0.0,132.42778584983344,0.0,0.0,0.0,47.47134664524623
2083000F3307000F3307000F,62.08772917859917,-20.625,-18.0,-7.681257039442183,-7.343529807189833,-9.945803074819754,-6.930373732736815,-8.899253527648693,-13.5
2093000F3217000F3407000F,-3.354885680057066,-4.5,-15.0,-4.5,0.0,0.0,23.88400505821274,0.0,0.0
2084000F4207000F3307000F,0.0,0.0,0.0,0.0,124.46648952166484,44.63552263259718,0.0,0.0,41.97430047767185
A200000F2207000F2207000F,36.34558199948307,28.4455003438534,23.724945490470798,6.769195133684623,29.981922344093682,17.565651099923556,28.41260794447425,40.495173180722745,57.6803410418549
1084000F3307000F3307000F,-18.375,-19.14424291460175,-34.89098200058483,4.192631019626553,9.687757027872387,-13.37925764387881,0.5689811773564966,-18.67866423092009,49.096224746090456
2085000F3308000F4308000F,0.0,0.0,0.0,0.0,0.0,0.0,-6.0,0.0,0.0
2093000F3208000F3207000F,0.0,0.0,0.0,-1.5,0.0,0.0,0.0,0.0,0.0
2084100F4308000F4300900F,0.0,0.0,0.0,-10.5,0.0,0.0,0.0,0.0,0.0
300F300F5310C00F4320C00F,0.0,0.0,0.0,0.0,0.0,0.0,0.0,0.0,-12.0
2094000F4209000F3300900F,0.0,0.0,0.0,90.46745624998692,0.0,0.0,0.0,0.0,0.0
2085100F4308000F3400900F,0.0,0.0,0.0,0.0,0.0,0.0,0.0,0.0,0.0
1075000F4208000F3308000F,0.0,0.0,0.0,0.0,0.0,161.44244562348783,0.0,0.0,103.0628022576963
1083000F3206000F3206000F,0.0,0.0,45.79325106132866,101.81622627624193,11.682831181599893,-4.5,0.0,0.0,21.257162606534216
1082000F3207000F3207000F,37.17680193423358,24.1955059883541,1.525561650957144,22.37591821603311,-1.1011354790929957,39.987548361953486,29.410840160146726,12.302074307797838,0.0
1093000F3306000F3306000F,34.07390137876832,90.86564978269934,-6.0,0.0,0.0,0.0,1.5,0.0,21.43554366765591
1093000F3308000F3408000F,0.0,0.0,0.0,0.0,0.0,-13.5,0.0,0.0,0.0
2093000F3307000F3307000F,0.0,0.0,-4.387499999999999,0.0,1.3142568684443248,52.4704808674044,0.0,0.0,0.0
1093000F3208000F3208000F,13.687005617090588,-18.841018364059217,-13.795644240070576,-6.793723692893691,-9.983289777790777,11.805605086322139,12.80466903251879,-0.08587288042672014,-0.9158428543830146
2085000F3400800F3400800F,-5.748875849246627,-7.3125,-0.5415834777401827,0.0,-12.0,61.603034268697215,-0.49307372756453205,-3.0328649502324634,-0.13182657668988096
1094000F3208000F3308000F,0.0,0.0,138.0753150654714,0.0,0.0,0.0,90.31896638303769,64.51646252701823,0.0
1092000F3207000F3207000F,0.0,81.79899200520126,0.0,26.861869022728413,195.44827802355587,0.0,15.50478111289677,4.122372441528016,0.0
1084000F3306000F3306000F,-4.5,-6.0,-5.531624458763058,-13.615592028600295,-12.578156532525565,-14.38324555300017,-6.0,-5.837346679265531,-5.544824625250074
2094000F3317000F3317000F,-18.0,-7.5,-18.0,-7.249135277859541,-15.0,-6.348128535498864,-18.11002098905501,-7.5,-24.0
1093000F3208000F3308000F,0.0,14.498739522006918,1.7067226622836529,173.9796872426226,6.663741393838498,33.04423601475449,0.0,7.557423064694774,29.891792875472817
2094000F4308000F4308000F,0.0,-7.5,0.0,0.0,0.0,0.0,0.0,0.0,0.0
2095000F4309000F4308000F,-4.5,47.52590798279413,0.0,0.0,0.0,0.0,0.0,0.0,0.0
20A4200F4400A00F4220A00F,0.0,0.0,0.0,0.0,0.0,126.10580174894469,31.77179773836844,0.0,0.0
2074000F4208000F3308000F,72.37500884919079,0.0,0.0,21.84488918633626,0.0,22.5,0.0,0.0,0.0
1082000F3107000F3207000F,13.331878922410471,0.0,66.28117626626518,0.0,0.0,0.0,0.0,25.227414141972414,0.0
2085000F3400800F4400800F,0.0,0.0,0.0,-9.0,0.0,-1.5,15.109521523297621,0.0,-10.5
2085000F4308000F4400900F,0.0,49.00879999115574,0.0,0.0,0.0,0.0,0.0,0.0,-0.34687499999999893
8200000F2206000F2206000F,0.0,0.0,0.0,0.0,0.0,0.0,0.0,0.0,36.0
1094000F3217000F3217000F,-7.277861305473261,10.797678182499867,-15.0,-6.2621111761910635,-6.0,-9.0,-8.011545281308267,-7.450739677106784,-12.0
1073000F3206000F3206000F,0.0,-3.0,35.14725545831332,0.0,84.5757435330263,101.08969282319694,62.51557737083182,69.77718807586115,68.3552855806096
2093000F4208000F3308000F,0.0,0.0,53.941218078530525,0.0,-16.5,0.0,179.88513345320453,0.0,-3.0
1073000F3107000F3207000F,-12.0,-6.0,100.62645848405624,0.0,31.385540799560907,0.0,0.0,0.0,0.0
1093000F4108000F3208000F,-3.0,0.0,0.0,0.0,-7.5,0.0,0.0,0.0,1.0438138659763654
1084000F3208000F3208000F,80.52011732267381,0.0,0.0,0.0,0.0,0.0,-1.172545336534224,-9.0,-0.5806823419503004
1093000F4307000F3307000F,0.0,0.0,0.0,0.0,0.0,0.0,25.05332556038395,0.0,0.75
1095000F4300900F4300900F,0.0,0.0,0.0,100.20310567660857,0.0,0.0,117.16215215845425,0.0,0.0
0074000F2207000F2207000F,0.0,0.0,0.0,0.0,0.0,35.67188281537466,0.0,0.0,95.97632321880067
1094000F3217000F3407000F,-16.5,19.698108715597975,-10.5,-9.0,-20.25,-14.375575728148114,0.0,0.0,-7.5
10A4000F3217000F3217000F,0.0,0.0,0.0,-10.5,-9.0,0.0,0.0,0.0,0.0
10A4000F3308000F3308000F,0.0,-4.076686144819906,-7.5,-1.7479346399328233,-9.0,-6.0,68.88678474325098,-16.072337439341304,-1.292328305693303
2093000F4207000F3307000F,102.91118947634236,0.0,67.54405164451947,156.8181852332987,84.57572954344117,2.579273058886196,0.0,0.0,0.0
1081000F2206000F2206000F,0.0,161.0650714494563,0.0,0.0,0.0,0.0,0.0,0.0,0.0
1082000F3306000F3306000F,0.0,17.512161249302242,0.0,-3.0,-0.7234479252530583,0.0,0.0,-9.0,0.0
1092000F3107000F3107000F,0.0,0.0,0.0,0.0,0.0,43.58517067172739,0.0,-3.0,0.0
1081000F3107000F3107000F,0.0,0.0,0.0,0.0,-10.035350545136223,7.671601827360224,-3.0,-1.5,74.43934343072476
2094000F3307000F3407000F,21.583591546643632,0.0,0.0,0.0,0.0,0.0,0.0,0.0,0.0
1082000F3206000F3206000F,38.69183686397649,10.091819589876835,0.0,33.09292692028368,0.0,40.78538012339959,41.82710177546845,33.64655624297799,94.32992121821334
1091000F2206000F3206000F,0.0,110.11466442248664,0.0,0.0,0.0,0.0,0.0,0.0,0.0
1085000F3308000F3308000F,-0.9204475980841877,1.1384084787600912,-25.78807235051724,-14.220777745470995,1.217214950818832,0.0,-2.711797248575035,3.1116306243274305,2.0225771781241697
1086000F3308000F3308000F,0.0,0.0,0.0,0.0,19.109515500425292,-1.5,0.0,8.109694050176966,-4.608816266592026
1094000F3308000F3308000F,7.918161076504894,-5.792115364097311,-2.437061710720572,0.0,26.861074007775372,68.25694689834718,28.050292588056976,-8.85,0.0
2094000F3307000F3317000F,0.0,5.704872027406918,-10.911888656950232,-12.0,0.0,-4.655165833889052,0.0,0.0,-3.9930903071336097
20A3000F3308000F3308000F,0.0,0.0,0.0,0.0,0.0,0.0,0.0,0.0,-4.5
1084000F3308000F3308000F,-13.875,0.0,-7.5,0.0,-18.281920342557004,133.50548798858833,0.0,-3.0,0.0
2085000F4400800F4400800F,54.861311170513815,0.0,0.0,0.0,-13.1625,0.0,0.0,0.0,0.0
2094100F4300900F4400900F,0.0,100.2281784598492,0.0,94.79910883102195,0.0,0.0,0.0,0.0,0.0
1080000F3106000F3106000F,0.0,42.531532213187326,-21.0,0.0,0.0,0.0,0.0,0.0,0.0
2082000F3206000F3206000F,0.0,0.0,0.0,59.00880823713567,0.0,0.0,0.0,0.0,0.0
1083000F4208000F3308000F,0.0,0.0,0.0,0.0,0.0,0.0,0.0,0.0,-3.0
2084000F4108000F3208000F,0.0,0.0,0.0,-19.5,-1.5,10.96811207154025,-1.2992698829289857,0.0,0.0
2083000F4208000F3208000F,42.677075746101494,0.0,0.0,0.0,0.0,0.0,19.572401535896173,0.0,0.0
1092000F3108000F3108000F,0.0,-9.0,0.0,0.0,0.0,12.630211750019022,0.0,-13.696256730912065,0.0
1095000F3309000F3300900F,0.0,0.0,0.0,0.0,0.0,0.0,0.0,0.0,9.682006575600818
1085000F4308000F4300800F,0.0,109.84805656240779,0.0,0.0,0.0,0.0,0.0,0.0,0.0
0091000F2206000F2206000F,0.0,122.36723749455192,49.55539515264183,0.0,0.0,0.0,0.0,0.0,0.0
00A4000F3308000F3308000F,59.65885391990386,55.50418412930203,0.0,0.0,41.57710048903464,33.068520910613884,40.29684984808354,34.70021989580793,49.696232589739424
2094000F3300A00F3300A00F,-9.0,0.0,0.0,0.0,0.0,0.0,0.0,0.0,0.0
1093000F3109000F3109000F,0.0,0.0,-1.5,-6.006873482248482,27.844918554142282,-1.9561861340236346,-22.5,0.0,19.404571473410726
1084000F4208000F3308000F,0.0,0.0,0.0,90.40733873120476,0.0,0.0,85.88855954196964,0.0,168.65236357536745
2085000F3308000F3308000F,-9.75,-17.487048692495605,-22.292115364097313,-11.101175749927842,-10.5,10.56246955057924,-10.537500000000001,-13.5,-10.5
2085000F3408000F3308000F,0.0,-7.5,-13.5,-10.5,29.0086358653664,-9.0,0.0,-10.5,-13.5
1094000F3300900F4200900F,0.0,40.96762425754868,0.0,0.0,0.0,0.0,0.0,0.0,0.0
300F400F4510C00F4410C00F,0.0,0.0,0.0,0.0,0.0,0.0,0.0,0.0,0.0
2094200F3400900F3400900F,0.0,0.0,0.0,0.0,0.0,0.0,0.0,0.0,61.5
0096100F4300900F4300900F,0.0,0.0,0.0,0.0,67.044375,0.0,0.0,0.0,0.0
2084000F3308000F3308000F,13.916307488593592,-3.0,-2.061136299260042,-3.1955317810699437,-1.5,0.0,0.0,-15.934230728194624,-13.055819966469157
20A3000F4300800F4300800F,0.0,0.0,-15.0,0.0,0.0,-9.0,0.0,0.0,0.0
1085000F3300900F3300900F,0.0,0.0,0.0,0.0,0.0,0.0,0.0,1.5,0.0
2095000F4300900F4300900F,0.0,0.0,0.0,0.0,0.0,136.90973232027142,0.0,0.0,0.0
2084000F4208000F3308000F,0.0,0.0,97.32485032025593,0.0,0.0,0.0,0.0,191.1998770646601,0.0
1093000F4208000F3308000F,16.91697629542692,0.0,0.0,23.012214385746958,0.0,0.0,0.0,145.63454960019712,0.0
2075000F4208000F3307000F,147.08057473350073,0.0,0.0,0.0,0.0,0.0,0.0,0.0,0.0
1084000F3208000F3308000F,0.0,0.0,153.8247602377882,0.0,0.0,0.0,0.0,97.96195865698444,0.0
1093100F3308000F3308000F,-3.0,9.451825091357687,-18.0,-24.75,43.47908580423976,11.074376294675533,-4.43487452683039,11.908798695748555,-9.155879677502837
1082000F3107000F3107000F,96.96143078887994,0.0,-13.5,0.5040697478580505,4.875,16.96605817532422,0.0,-9.21391679030554,22.42852702039368
2085100F4308000F3400800F,0.0,0.0,0.0,0.0,0.0,70.35675970310133,0.0,0.0,0.0
1095100F4300900F4300900F,0.0,0.0,0.0,125.54554610181788,0.0,32.94181052860681,0.0,0.0,44.83859347542794
1094000F4208000F3308000F,182.84830590256618,0.0,0.0,0.0,31.931117227482147,0.0,0.0,0.0,79.56791217032222
1085000F3400800F4300800F,0.0,0.0,0.0,0.0,0.0,0.0,0.0,0.0,8.172742509735269
0621000F2206000F2206000F,0.0,0.0,90.26922086737291,0.0,51.877126358263745,0.0,36.920541002289525,0.0,0.0
2085000F3408000F3408000F,73.247124758676,0.0,-13.5,-3.0,0.0,-4.5,0.0,0.0,0.0
1095000F4309000F4300900F,0.0,0.0,0.0,0.0,0.0,0.0,-4.5,0.0,0.0
1075000F3308000F3308000F,0.0,0.0,87.7698232739286,0.0,0.0,0.0,0.0,36.40104647309426,0.0
2095000F4300900F4400900F,0.0,0.0,0.0,0.0,102.01831366899626,45.97704073827088,0.0,183.1527965191387,0.0
10A4000F3408000F3408000F,-14.208871402480401,-5.057506045913508,-18.013645934982097,-14.26890285953146,-27.709798762105432,-12.228038880160167,-19.476369780393085,-5.077684863743028,-14.518658818246557
2085000F4300800F3400800F,0.0,0.0,0.0,-9.1875,0.0,0.0,0.0,0.0,0.0
2085000F4408000F4400800F,0.0,0.0,0.0,0.0,0.0,0.0,0.0,29.3067596401848,0.0
2084000F3208000F3308000F,0.0,0.0,0.0,0.0,0.0,0.0,0.0,210.89728340196183,123.56638770456179
1083000F4206000F3206000F,0.0,0.0,120.27832632131273,0.0,0.0,0.0,0.0,0.0,0.0
0631000F2206000F2206000F,17.34144585974856,0.0,0.0,79.24521413617111,0.0,0.0,0.0,0.0,0.0
1094100F4200A00F3200900F,0.0,0.0,0.0,0.0,-7.5,0.0,0.0,0.0,0.0
200F300F4420C00F4420C00F,0.0,0.0,0.0,0.0,0.0,0.0,0.0,0.0,80.31671120103604
2094100F4300900F4300900F,0.0,0.0,0.0,0.0,0.0,140.7897177879793,0.0,0.0,0.0
2093000F3208000F3308000F,0.0,0.0,0.0,0.0,125.84294121228103,0.0,0.0,0.0,0.0
1095100F4400A00F4400A00F,-2.283513012538268,0.0,0.0,-0.6568407941305452,0.0,-3.521642260583757,0.0,0.0,0.0
1084000F3109000F3109000F,45.70974755859375,0.0,0.0,0.0,0.0,0.0,3.0,17.511680351744786,0.0
1091000F3007000F3007000F,93.48611279939175,0.0,-21.555,0.0,29.274419125766155,0.0,0.0,0.0,84.13750151945257
1073000F3306000F3306000F,20.75514379922943,0.0,0.0,0.0,0.0,0.0,0.0,0.0,0.0
2085000F4300800F4400800F,0.0,0.0,0.0,0.0,0.0,0.0,0.0,0.0,0.0
2075000F4207000F3307000F,0.0,106.38987215860269,0.0,0.0,0.0,18.0,0.0,0.0,0.0
1084000F4208000F3208000F,0.0,0.0,-6.35531944032579,3.4620185781575863,0.0,0.0,0.0,-0.55322688554865,-1.5
1081000F3006000F2106000F,0.0,0.0,0.0,0.0,0.0,0.0,-3.0,0.0,0.0
1082000F4107000F3207000F,0.0,0.0,0.0,0.0,105.52780491549407,0.0,0.0,68.41531283792622,0.0
1073000F4206000F3206000F,0.0,0.0,0.0,0.0,241.2249362698692,0.0,0.0,0.0,0.0
1094200F3400A00F3400A00F,0.0,0.0,72.3816981631676,0.0,0.0,0.0,0.0,0.0,0.0
0530000F3150000F3150000F,0.0,0.0,0.0,0.0,0.0,141.6397671417385,61.400022580164844,0.0,0.0
2093000F3308000F3408000F,0.0,0.0,-9.0,43.34832861301359,0.0,0.0,0.0,0.0,0.0
2094200F4310900F4310900F,0.0,0.0,13.607336016990484,0.0,0.0,0.0,-9.0,0.0,-12.0
2094000F3400800F3310800F,0.0,0.0,0.0,0.0,0.0,0.0,0.0,0.0,-1.5
1091000F3107000F3107000F,0.0,50.10730972559817,0.0,0.0,0.0,0.0,0.0,3.0,0.0
1082000F3008000F3008000F,0.0,33.76947505124555,0.0,0.0,0.0,0.0,0.0,0.0,0.0
0080000F3007000F2007000F,0.0,-12.375,0.0,0.0,-22.5,0.0,0.0,0.0,69.9
1080000F3060000F3006000F,87.45880667444976,0.0,0.0,0.0,0.0,0.0,0.0,0.0,50.94202912370619
0080000F3060000F2007000F,0.0,0.0,0.0,5.0625,0.0,0.0,0.0,0.0,0.0
0092000F2009000F2009000F,109.18223437500001,0.0,0.0,-90.0,0.0,0.0,0.0,0.0,0.0
1081000F3007000F3007000F,0.0,0.0,0.0,0.0,0.0,0.0,0.0,0.0,23.04233306961109
00A3000F300A000F300A000F,0.0,0.0,0.0,0.0,0.0,-28.956186134023636,-67.5,0.0,0.0
1092000F3008000F3008000F,0.0,0.0,3.497855542456639,0.0,0.0,0.0,0.0,0.0,103.24253988182545
0091000F2008000F2008000F,0.0,-51.975,-3.054492187500003,0.0,0.0,-30.7125,0.0,0.0,58.75132141605653
000F000F3100B00F3100B00F,-4.397625000000001,0.0,0.0,0.0,0.0,0.0,0.0,0.0,0.0
1080000F2105000F2105000F,0.0,0.0,0.0,88.21836472078678,0.0,0.0,0.0,0.0,0.0
2093000F4208000F3307000F,0.0,0.0,-1.5,0.0,0.0,61.79781868975772,20.25,0.0,0.0
2083000F3208000F3308000F,0.0,0.0,0.0,171.63944717047895,0.0,0.0,0.0,0.0,0.0
20A4100F4300B00F3300B00F,0.0,0.0,0.0,0.0,0.0,0.0,0.0,-7.5,0.0
300F300F4410C00F4410C00F,0.0,0.0,0.0,0.0,0.0,0.0,0.0,0.0,0.0
1093000F4207000F3307000F,0.0,0.0,0.0,0.0,0.0,67.19694350383858,132.5906945687231,0.0,85.19215758441447
1075000F3208000F3308000F,0.0,0.0,0.0,0.0,0.0,48.87501192712201,0.0,0.0,0.0
2084000F3307000F3307000F,0.0,-9.918524288487191,-7.5,4.273267421113513,-13.5,-3.0,-10.5,97.85963326012605,-13.5
1075000F3308000F3208000F,0.0,0.0,0.0,0.0,0.0,0.0,0.0,-6.0,0.0
1083000F3107000F3107000F,0.0,36.116267704313415,-4.5,0.0,0.0,0.0,7.422169264607964,-6.0,27.691221271994106
2094100F3300900F3300900F,0.0,-10.5,0.0,0.0,-1.5,-13.02389232917932,-4.5,0.0,0.0
200E200F4300B00F4300B00F,0.0,0.0,0.0,18.487743206713777,0.0,0.0,-0.9709914768659109,0.0,0.0
20A4200F4400A00F4400A00F,0.0,0.0,7.20042443434151,-3.0,0.0,0.0,-1.5,0.0,-0.8082434588302398
20A4200F4310A00F4310A00F,0.0,0.0,67.56172941618851,0.0,-7.5,0.0,0.0,0.0,0.0
2093200F4300900F3400900F,0.0,0.0,0.0,0.0,0.0,0.0,162.52630257634263,0.0,0.0
2095100F3400900F3400900F,0.0,0.0,0.0,0.0,0.0,145.42389031663606,0.0,0.0,0.0
10B4100F3400A00F3400A00F,0.0,72.3140970611703,0.0,0.0,122.45973917903078,30.243044674783327,51.14055178601174,0.0,0.0
2093100F3400800F3400800F,0.0,-1.3035284119299302,0.0,-4.5,20.269578827459195,0.0,0.0,-10.5,-3.0
2084100F3400800F4300800F,0.0,0.0,0.0,0.0,0.0,0.0,0.0,3.0562500000000004,0.0
2094000F3310800F4310800F,0.0,-6.0,0.0,0.0,0.0,0.0,0.0,0.0,7.4366285824679395
2093100F4300900F4400900F,0.0,0.0,0.0,0.0,0.0,0.0,0.0,0.0,51.611436689063304
2084100F3400800F3400800F,0.0,0.0,0.0,0.0,0.0,0.0,0.0,0.0,0.0
10A3000F3208000F3208000F,0.0,0.0,0.0,137.8032284221998,0.0,0.0,0.0,0.0,0.0
1095000F4300900F4400900F,0.0,86.54516219684083,0.0,0.0,0.0,0.0,0.0,0.0,0.0
1083000F3107000F3207000F,0.0,1.2063258893507154,-15.938877459712014,18.50611438507385,20.774067111159578,69.40697798155266,0.0,27.074390544504723,0.0
1083000F3207000F3307000F,0.0,0.0,-13.5,0.0,0.0,0.0,0.0,0.0,0.0
2085000F4210800F4400800F,0.0,0.0,0.0,0.0,0.0,0.0,30.747760805486713,0.0,0.0
1083000F4106000F3206000F,0.0,63.26585734552602,0.0,0.0,0.0,0.0,0.0,0.0,0.0
10B3100F3400A00F3400A00F,0.0,0.0,0.0,0.0,0.0,0.0,94.68498643150525,0.0,0.0
2093000F3308000F3308000F,0.0,0.0,0.0,0.0,0.0,0.0,0.0,0.0,98.23020587796105
1083000F3206000F3306000F,27.214510466598902,0.0,0.0,0.0,0.0,0.0,0.0,0.0,0.0
2094000F3300800F3300800F,0.0,0.0,0.0,0.0,0.0,0.0,0.0,-4.5,0.0
2093100F3310800F3310800F,0.0,28.85625,0.0,0.0,0.0,0.0,0.0,0.0,0.0
2074000F4208000F3307000F,0.0,0.0,0.0,0.0,0.0,0.0,56.711446388190744,172.10509898074548,0.0
1075000F4208000F3307000F,0.0,69.79887702091548,0.0,0.0,0.0,0.0,0.0,53.24155374799747,0.0
2094100F4308000F3400900F,0.0,40.87251321439954,0.0,0.0,0.0,0.0,-7.5,-4.5,0.0
1094100F4308000F3400900F,0.0,0.0,0.0,0.0,48.493684467773434,0.0,0.0,0.0,0.0
1093000F3207000F3207000F,0.0,0.0,0.0,0.0,0.0,2.2672172671237067,0.0,-10.5,0.0
2095100F4220900F4220900F,0.0,0.0,-7.5,0.0,17.870163019764448,0.0,0.0,-7.5,-11.192772049896812
2095100F4220A00F4220A00F,0.0,0.0,0.0,58.63821198844209,0.0,0.0,0.0,0.0,0.0
0093000F3207000F3207000F,0.0,0.0,0.0,0.0,0.0,0.0,105.67445988682377,0.0,0.0
2084100F4308000F4400900F,121.01077679943276,0.0,0.0,0.0,0.0,0.0,0.0,58.75065374317289,0.0
1080000F3050000F3105000F,0.0,0.0,0.0,0.0,0.0,40.790647400798235,0.0,0.0,22.601693712824876
20A4200F4400A00F4310A00F,30.643482695389405,108.39181768868019,0.0,0.0,0.0,0.0,0.0,0.0,0.0
1530000F3150000F3150000F,0.0,0.0,0.0,0.0,0.0,0.0,139.92041341287506,0.0,0.0
2085000F3308000F3408000F,77.32352274799035,0.0,0.0,0.0,-13.5,-3.0,-8.051846096332799,0.0,-4.585946110950761
2084100F3300800F3300800F,0.0,0.0,0.0,52.12398925569186,0.0,0.0,0.0,0.0,0.0
2094000F4300900F3400900F,0.0,0.0,60.78852036913544,0.0,0.0,0.0,122.75760923075894,0.0,0.0
2084100F4300900F4300900F,0.0,0.0,0.0,0.0,0.0,0.0,0.0,0.0,20.681752660552547
2085000F4308000F3400900F,0.0,0.0,0.0,0.0,22.748710315778688,0.0,0.0,127.85467735027595,0.0
1094000F3217000F3307000F,0.0,0.0,0.0,-13.5,0.0,0.0,0.0,0.0,0.0
00B3000F3208000F3208000F,0.0,0.0,20.188422144055487,0.0,67.29868466095796,0.0,17.585914996415784,0.0,0.0
2074000F4207000F3307000F,0.0,0.0,0.0,0.0,0.0,22.5,0.0,0.0,0.0
1075000F4207000F3307000F,0.0,0.0,0.0,0.0,214.83844865921816,0.0,0.0,0.0,0.0
1081000F3006000F3006000F,0.0,33.863808664691405,0.0,0.0,0.0,0.0,0.0,0.0,0.0
1073000F4106000F3206000F,0.0,0.0,0.0,0.0,0.0,0.0,0.0,0.0,130.24340701547203
1073000F3207000F3206000F,0.0,107.8118723931743,0.0,84.07304467105493,0.0,94.5755249776482,0.0,0.0,0.0
2093100F4309000F3400900F,0.0,0.0,0.0,0.0,0.0,84.93003436552775,0.0,0.0,0.0
2094000F3309000F3400900F,0.0,0.0,-10.5,0.0,0.0,0.0,0.0,0.0,0.0
300E200F4400A00F4320A00F,-16.5,0.0,0.0,0.0,0.0,0.0,0.0,0.0,0.0
200E200F4400A00F4310A00F,-3.0,0.0,0.0,0.0,0.0,0.0,0.0,0.0,0.0
2094000F4300900F4400900F,0.0,0.0,0.0,0.0,0.0,153.93089264199722,0.0,0.0,0.0
1083000F4107000F3206000F,116.74366707373748,0.0,0.0,0.0,0.0,0.0,0.0,0.0,0.0
1080000F3050000F3050000F,0.0,39.42119112833049,-7.8930260358067805,0.0,0.0,-6.0,-3.0,-6.0,0.0
0080000F3060000F2060000F,83.20383965064033,0.0,-13.5,0.0,0.0,0.0,0.0,0.0,0.0
1081000F3007000F3107000F,0.0,0.0,0.0,0.0,-2.422964625164239,-13.320547182594467,0.0,3.3731715399455324,28.637079296065618
1080000F3060000F3060000F,59.619288137321576,0.0,0.0,0.0,0.0,0.0,0.0,0.0,0.0
0080000F2060000F2060000F,177.0282354058086,0.0,0.0,0.0,-45.0,-13.5,0.0,-45.0,0.0
1080000F2007000F3007000F,0.0,0.0,0.0,0.0,0.0,0.0,0.0,0.0,0.0
0080000F2007000F2007000F,0.0,0.0,0.0,0.0,0.0,0.0,0.0,0.0,79.35
0092000F200A000F300A000F,0.0,0.0,0.0,0.0,0.0,0.0,90.0,0.0,0.0
1000F00F1000F00F1000F00F,0.0,0.0,0.0,0.0,0.0,0.0,0.0,0.0,0.0
0009000F0009000F0009000F,0.0,0.0,0.0,0.0,-5.9476148437499985,0.0,0.0,0.0,0.0
000C000F000C000F000C000F,3.593010852789728,-13.591162585345696,1.2679590416095126,-25.871449088408696,3.1609229726843053,2.3715007097272265,0.0,2.3407736977329754,6.796947685429759
1071000F3106000F3106000F,0.0,0.0,0.0,0.0,0.0,0.0,-1.3790492090638589,0.0,167.06126628686076
1530000F3105000F3105000F,0.0,0.0,70.72545819434633,0.0,0.0,0.0,0.0,0.0,0.0
1093000F4208000F3307000F,0.0,0.0,0.0,0.0,0.0,0.0,142.88715813386665,0.0,0.0
2085000F3408000F3407000F,-2.0185502812189524,0.0,-13.5,-4.5,0.0,-0.9302969077453316,-9.0,-13.5,-13.5
2084000F4307000F3307000F,76.21303456937763,0.0,0.0,0.0,0.0,0.0,0.0,0.0,0.0
2073000F4107000F3207000F,0.0,0.0,0.0,0.0,0.0,0.0,0.0,0.0,0.0
1071000F3106000F3206000F,0.0,0.0,0.0,0.0,0.0,0.0,140.68504886641875,0.0,0.0
1081000F3106000F2206000F,0.0,0.0,173.0579724769692,0.0,0.0,0.0,0.0,0.0,0.0
1094000F3308000F3408000F,0.0,24.50204254010562,0.0,0.0,0.0,0.0,0.0,0.0,0.0
2094000F3217000F3217000F,12.56519517773129,0.0,0.0,0.0,0.0,0.0,0.0,0.0,0.0
2084000F4308000F3300900F,0.0,0.0,0.0,0.0,0.0,-6.9701671874999995,0.0,0.0,-3.0
20A3200F4300A00F4400A00F,0.0,0.0,0.0,-7.5,0.0,0.0,0.0,0.0,0.0
300D300F5400A00F4310A00F,0.0,19.35925829928767,0.0,0.0,0.0,0.0,0.0,0.0,0.0
2094000F3300900F3300900F,-1.5,-12.0,-10.5,-7.5,-7.792661836393964,-1.5,-7.5,0.0,-0.23467112346099128
300E600F4420C00F4420C00F,0.0,0.0,0.0,0.0,19.810794286479357,0.0,0.0,0.0,0.0
2084000F4300800F3300800F,0.0,0.0,0.0,0.0,0.0,0.0,0.0,0.0,-13.5
2085100F3308000F3400900F,0.0,0.0,0.0,0.0,0.0,38.77209212097938,0.0,0.0,0.0
1080000F3006000F2106000F,0.0,0.0,38.90176269864634,0.0,0.0,0.0,0.0,0.0,0.0
2085000F4308000F4400800F,0.0,0.0,39.87774613062908,0.0,0.0,0.0,0.0,0.0,0.0
1086000F3408000F3408000F,0.0,0.0,0.0,0.0,0.0,-11.34987839946051,0.0,0.0,0.0
2084100F4300800F4300800F,0.0,-7.5,0.0,0.0,-1.5,0.0,0.0,0.0,0.0
2094200F3310A00F4310A00F,0.0,0.0,0.0,0.0,0.0,0.0,0.0,0.0,0.0
20A4200F5400A00F4310A00F,0.0,0.0,0.0,0.0,0.0,0.0,0.0,0.0,62.27668442304954
1095100F4210900F4400900F,0.0,0.0,-10.129181597752156,0.0,0.0,0.0,0.0,0.0,0.0
1075000F3307000F3307000F,7.516496547776945,0.0,0.0,0.0,-2.889009005001899,-1.5,0.0,0.0,0.0
2094000F3307000F3307000F,0.0,0.0,0.0,0.0,0.0,10.413726678475996,0.0,0.0,0.0
1080000F3006000F3006000F,72.01267750092838,0.0,0.0,0.0,0.0,13.416534746078941,42.19789464872622,0.0,0.0
2093000F3208000F3208000F,0.0,0.0,0.0,0.0,0.0,0.0,0.0,23.85918423612067,0.0
2085000F4210800F4408000F,0.0,0.0,0.0,0.0,0.0,0.0,0.0,0.0,49.89440357670448
2094200F4220900F4220900F,15.271316035210223,-7.5,-9.866584240726809,0.0,0.0,7.019490322643787,0.0,0.0,0.0
1074000F4207000F3307000F,22.5,0.0,0.0,0.0,0.0,0.0,0.0,0.0,0.0
2094000F3308000F3408000F,0.0,0.0,0.0,0.0,0.0,0.0,-6.855592073196139,0.0,0.0
1094000F4208000F3307000F,0.0,0.0,0.0,0.0,0.0,0.0,0.0,41.521695802424986,0.0
1083000F3208000F3208000F,0.0,0.0,0.0,0.0,0.0,0.0,-9.0,45.77631795990609,0.0
1074000F4208000F3208000F,0.0,0.0,0.0,0.0,78.61846959058964,0.0,0.0,0.0,0.0
20B3300F3410B00F4410B00F,0.0,0.0,0.0,0.0,0.0,0.0,46.46924185793559,0.0,0.0
2084000F3300900F4300900F,0.0,0.0,0.0,-10.5,0.0,16.090314541916136,0.0,0.0,0.0
2085000F4300800F3300800F,3.5827322318986248,0.0,-15.0,0.0,0.0,-7.5,-9.0,0.0,0.0
20C4400F4410C00F4420C00F,0.0,0.0,0.0,0.0,0.0,0.0,0.0,0.0,0.0
300F400F4310C00F4410C00F,0.0,0.0,0.0,0.0,0.0,0.0,0.0,0.0,0.0
2095100F4300900F3400900F,0.0,0.0,0.0,0.0,0.0,0.0,0.0,126.06070497264537,0.0
1094000F4200900F3200900F,0.0,0.0,0.0,-6.0,0.0,0.0,0.0,0.0,0.0
20C4400F4320C00F4320C00F,0.0,0.0,0.0,0.0,0.0,0.0,0.0,0.0,45.083323250104726
1075000F3208000F3208000F,0.0,0.0,-12.0,46.26872226421062,0.0,0.0,0.0,-4.760511777481386,0.0
2094200F4210A00F4210A00F,0.0,0.0,0.0,0.0,0.0,0.0,0.0,0.0,0.0
20B4300F4320B00F4320B00F,0.0,0.0,0.0,0.0,0.0,-1.5,0.0,0.0,0.0
20A3400F4310A00F4310A00F,0.0,77.11001838439299,0.0,0.0,0.0,0.0,0.0,0.0,0.0
20A3100F4300800F4300800F,-1.5,-1.5,-13.5,-7.5,-4.5,-6.0,6.826799946784359,-12.0,-11.712340594497261
20A3000F3300800F4300800F,3.306233645191921,0.0,0.0,0.0,0.0,0.0,0.0,0.0,0.0
2085000F4400900F4400900F,132.84054049138575,0.0,0.0,0.0,0.0,0.0,0.0,0.0,0.0
1094000F3300900F3300900F,0.0,0.0,0.0,0.0,0.0,0.0,0.0,23.298398166431802,0.0
1084100F4300900F4300900F,0.0,0.0,0.0,0.0,0.0,0.0,107.94151040647431,0.0,0.0
1092000F3108000F3107000F,0.0,0.0,0.0,107.37282379168677,0.0,0.0,0.0,0.0,0.0
2084100F3300800F4300800F,-3.0,-7.5,-7.5,0.0,0.0,1.3367244506768667,0.0,-7.5,0.0
20A4000F4300800F4300800F,0.0,0.0,0.0,0.0,0.0,0.0,0.0,0.0,0.0
20A4200F5400A00F4220A00F,23.556003873474523,0.0,0.0,0.0,0.0,0.0,0.0,0.0,0.0
2094100F4300900F3400900F,0.0,140.5327601108737,0.0,0.0,0.0,0.0,74.79915068285388,0.0,0.0
1085000F3408000F3308000F,0.0,0.0,0.0,0.0,0.0,0.0,0.0,0.0,28.996697791612704
2094200F4310A00F4310A00F,0.0,0.0,0.0,0.0,0.0,0.0,-10.5,22.80646574214357,0.0
2094100F4308000F4300900F,0.0,0.0,0.0,0.0,87.32002728936615,0.0,0.0,0.0,0.0
2093100F4300900F3400900F,0.0,0.0,0.0,0.0,0.0,0.0,0.0,157.72141335523014,0.0
2085100F4400800F4400800F,0.0,0.0,0.0,0.0,0.0,0.0,0.0,0.0,0.0
2085000F4300800F4300800F,0.0,-6.75,0.0,-3.0,7.861605017826594,0.0,0.0,-13.5,0.0
10A3000F3300900F3300900F,0.0,0.0,0.0,6.1922190064163605,0.0,0.0,0.0,0.0,0.0
2085000F3400900F3400900F,0.0,0.0,0.0,0.0,0.0,0.0,0.0,130.19979897418733,0.0
2085000F4400800F3400800F,0.0,-6.0,0.0,0.0,-10.5,53.03619226374771,-9.637425129966164,0.0,0.0
10A3000F4400800F3400800F,0.0,0.0,0.0,0.0,0.0,0.0,0.0,0.0,4.119375000000001
2094100F4400A00F4400A00F,0.0,0.0,0.0,0.0,0.0,-4.302048389036483,0.0,-10.5,-1.5410112216900618
1093000F4209000F3209000F,0.0,0.0,0.0,0.0,0.0,0.0,0.0,-6.0,0.0
10A3000F310A000F310A000F,0.0,0.0,0.0,0.0,-4.5,0.0,0.0,0.0,0.0
200F100F4300B00F4300B00F,0.0,0.0,0.0,0.0,0.0,0.0,0.0,0.0,-3.0
10A3000F410A000F320A000F,0.0,0.0,0.0,0.0,12.535858823210557,0.0,0.0,0.0,0.0
10A3000F3209000F3209000F,61.5,0.0,0.0,0.0,0.0,0.0,0.0,0.0,0.0
0092000F3009000F3009000F,42.0,0.0,95.23378714914321,0.0,0.0,0.0,0.0,0.0,0.0
0092000F200A000F200A000F,46.014134270328555,-6.0,0.0,0.0,0.0,0.0,0.0,0.0,0.0
0091000F2009000F2009000F,0.0,0.0,26.406796874999998,0.0,0.0,0.0,0.0,0.0,0.0
100E000F3100B00F3100B00F,0.0,0.0,0.0,0.0,0.0,0.0,0.0,-67.5,0.0
200E200F4200C00F4200C00F,0.0,0.0,0.0,0.0,0.0,-36.0,0.0,0.0,0.0
200E200F4300C00F4300C00F,0.0,0.0,125.24023964579986,0.0,0.0,0.0,0.0,0.0,0.0
1085000F3308000F3208000F,0.0,0.0,0.0,42.23618043316104,0.0,121.38386684620436,-6.0,0.0,0.0
1093000F4208000F3208000F,0.0,0.0,-8.4121875,17.189897412088875,0.0,0.0,4.602095803006216,11.351595659348426,54.56392050479916
20A3300F4400B00F4220B00F,0.0,0.0,0.0,0.0,0.0,0.0,0.0,29.925,0.0
2094100F4300A00F3400A00F,0.0,0.0,0.0,0.0,101.48145719454499,0.0,0.0,0.0,0.0
1093000F3308000F3308000F,0.0,0.0,0.0,0.0,-4.5,0.0,78.11840447601939,89.88752614690358,0.0
1093000F3208000F3307000F,0.0,0.0,0.0,0.0,0.0,0.0,13.164741579015015,0.0,0.0
2094000F4309000F4300900F,52.48346047548398,0.0,-15.911296875000001,0.0,0.0,-9.0,0.0,-10.5,0.0
20A5200F4220A00F4320A00F,0.0,0.0,0.0,0.0,0.0,83.05115863623837,0.0,0.0,0.0
1093100F3317000F3407000F,0.0,0.0,0.0,0.0,-1.5,0.0,0.0,0.0,0.0
2085100F3210800F3210800F,0.0,0.0,0.0,20.102341763871678,0.0,0.0,0.0,0.0,0.0
1095000F3400900F3400900F,0.0,0.0,0.0,92.36750311830991,0.0,0.0,0.0,65.11200774694905,0.0
2093000F4400800F3400800F,0.0,0.0,0.0,0.0,0.0,15.174114728678585,0.0,0.0,-1.5
2085000F4300900F4400900F,0.0,0.0,0.0,0.0,0.0,0.0,0.0,0.0,15.0
1085000F4400900F4400900F,0.0,0.0,0.0,0.0,0.0,0.0,0.0,0.0,0.0
20A4200F4410A00F4400A00F,0.0,0.0,0.0,0.0,0.0,0.0,0.0,0.0,0.0
20A4100F4300900F4300900F,0.0,0.0,0.0,0.0,0.0,77.75217470547685,0.0,0.0,0.0
1084100F3308000F3308000F,0.0,0.0,0.0,0.0,0.0,0.0,-17.301010968187217,0.0,0.0
2095000F4209000F3300900F,0.0,0.0,0.0,0.0,0.0,0.0,16.78896421697364,0.0,0.0
2095000F4400900F4400900F,0.0,0.0,0.0,0.0,0.0,0.0,29.848313825007867,0.0,0.0
2084000F4300900F4308000F,0.0,0.0,0.0,0.0,0.0,-12.0,0.0,0.0,0.0
2094000F4209000F3209000F,5.1,0.0,0.0,0.0,0.0,0.0,0.0,0.0,0.0
2094000F3309000F4309000F,0.0,0.0,0.0,0.0,0.0,16.429152377663254,0.0,0.0,0.0
1430000F3040000F2140000F,0.0,13.125,0.0,0.0,0.0,0.0,0.0,0.0,0.0
1085100F4308000F3400900F,0.0,0.0,0.0,0.0,0.0,0.0,0.0,0.0,0.0
2094000F4300900F4300900F,91.12036708454991,0.0,0.0,0.0,0.0,0.0,0.0,0.0,0.0
1094000F3309000F3309000F,0.0,27.71501866144774,0.0,0.0,0.0,0.0,0.0,0.0,0.0
20A4200F3400A00F3400A00F,0.0,-6.0,0.0,0.0,0.0,0.0,0.0,0.0,0.0
300E300F4400B00F4410B00F,0.0,0.0,0.0,0.0,0.0,63.97205350604483,0.0,0.0,0.0
200E200F4300B00F4400B00F,0.0,0.0,0.0,0.0,0.0,6.554430683282721,0.0,0.0,0.0
20A4200F4320A00F4320A00F,0.0,21.422568835694968,0.0,0.0,0.0,0.0,0.0,99.74136763614813,0.0
0530000F2150000F2150000F,0.0,0.0,0.0,30.5974763029056,0.0,0.0,0.0,0.0,0.0
2094200F4220A00F4320A00F,-3.0,0.0,0.0,0.0,0.0,0.0,0.0,0.0,0.0
1095000F4309000F3300900F,54.69151800278969,0.0,0.0,0.0,0.0,0.0,0.0,0.0,0.0
1530000F3140000F3140000F,0.0,0.0,0.0,0.0,0.0,0.0,0.0,124.25010625443511,0.0
200F300F4320C00F4320C00F,0.0,0.0,0.0,0.0,0.0,0.0,0.0,0.0,21.095131262804767
20A3100F4400900F4400900F,0.0,77.25224977526356,0.0,0.0,0.0,0.0,0.0,0.0,0.0
2095100F4300900F4400900F,0.0,0.0,0.0,0.0,0.0,0.0,156.44674101907978,0.0,0.0
1084000F4208000F3307000F,0.0,0.0,0.0,0.0,103.35760444709624,0.0,0.0,0.0,0.0
1085000F3300800F3400800F,0.0,0.0,-7.5,-10.5,0.0,0.0,0.0,0.0,0.0
2085000F4300900F4300900F,0.0,0.0,0.0,0.0,0.0,76.68902164938801,0.0,0.0,0.0
10A3100F4300800F4300800F,90.13321318911164,0.0,0.0,0.0,0.0,0.0,0.0,0.0,0.0
1082000F4206000F3206000F,0.0,0.0,0.0,20.14698210848682,0.0,0.0,0.0,0.0,0.0
2085100F3400900F3400900F,0.0,0.0,0.0,0.0,0.0,0.0,38.76307189734661,0.0,0.0
2094000F4400800F4400800F,0.0,0.0,0.0,0.0,-12.0,0.0,0.0,0.0,0.0
1094000F3207000F3307000F,0.0,0.0,0.0,12.766134375182585,0.0,0.0,0.0,0.0,0.0
200F300F5320C00F4320C00F,0.0,0.0,73.67407846183603,0.0,0.0,0.0,0.0,0.0,0.0
2095200F4220A00F4220A00F,0.0,0.0,0.0,0.0,0.0,0.0,0.0,0.0,38.52558674439354
1082000F4106000F3206000F,0.0,0.0,0.0,0.0,0.0,0.0,161.9571316951641,0.0,0.0
2084000F3407000F3407000F,0.0,0.0,0.0,0.0,0.0,0.0,9.432283790996586,0.0,0.0
2075000F3308000F3307000F,0.0,0.0,0.0,0.0,52.09062591757099,0.0,0.0,0.0,0.0
200E200F3400B00F3400B00F,0.0,-9.0,0.0,0.0,0.0,0.0,0.0,0.0,0.0
200E200F4400B00F4400A00F,0.0,0.0,0.0,0.0,-1.5,0.0,0.0,0.0,0.0
2093200F3400900F3400900F,0.0,0.0,0.0,0.0,0.0,0.0,0.0,0.0,183.34740905829068
2095200F4220900F4220900F,0.0,20.396576213055376,0.0,13.475696532625918,0.0,0.0,0.0,0.0,27.932673538343707
2094100F4309000F3300900F,10.271756073061415,0.0,0.0,0.0,0.0,0.0,0.0,0.0,0.0
1084000F3108000F3208000F,0.0,0.0,0.0,-4.5,27.618596220741047,0.0,0.0,0.0,0.0
2084100F4300900F3400900F,0.0,0.0,0.0,0.0,0.0,0.0,0.0,0.0,0.0
10A4000F4300900F4300900F,0.0,64.72662913832438,0.0,0.0,0.0,0.0,0.0,0.0,0.0
20A4200F4310A00F4410A00F,0.0,0.0,0.0,0.0,0.0,0.0,104.11466476243552,0.0,0.0
1080000F2006000F2006000F,14.55,0.0,0.0,0.0,0.0,0.0,0.0,0.0,-1.5
0080000F3060000F3060000F,0.0,0.0,0.0,0.0,0.0,62.90332857421875,0.0,59.175,0.0
1080000F3060000F2006000F,0.0,0.0,0.0,0.0,46.828125,0.0,0.0,0.0,0.0
0081000F3008000F3008000F,106.50992573971266,-45.0,0.0,0.0,-6.370312499999997,0.0,0.0,-5.990625000000001,0.0
0091000F3007000F3007000F,19.575,0.0,0.0,-22.5,0.0,0.0,0.0,0.0,22.21875
10A3100F3308000F3308000F,0.0,0.0,0.0,0.6998918954982933,0.0,0.0,0.0,0.0,0.0
2084000F3400800F3400800F,0.0,-1.5,0.0,0.0,0.0,0.0,0.0,0.0,0.0
2085000F4300900F4300800F,0.0,0.0,81.28706974473393,0.0,0.0,0.0,0.0,0.0,0.0
2083000F4208000F3308000F,0.0,138.79603422110867,0.0,0.0,124.23336091649261,0.0,0.0,64.13556464635538,0.0
2085000F3300800F3300800F,0.0,0.0,-18.0,34.73555112790108,0.0,0.0,-3.0,0.0,0.0
1082000F3206000F3306000F,-2.0299824354172253,0.0,-10.560570784168382,0.0,0.0,0.0,0.0,0.0,0.0
1081000F3006000F3106000F,0.0,0.0,0.0,0.0,0.0,0.0,59.49863321710586,0.0,0.0
1085000F3400800F3300800F,0.0,0.0,0.0,0.0,0.0,0.0,0.0,29.7809980110673,0.0
2094000F4309000F3400900F,0.0,71.76122095495533,0.0,0.0,0.0,0.0,0.0,0.0,0.0
2094200F4220A00F4220A00F,64.36330619950489,-13.5,0.0,21.620719213428195,0.0,-4.5,0.0,0.0,0.0
2085000F3400900F4400900F,0.0,0.0,0.0,44.976328092833874,0.0,0.0,0.0,27.467143407315625,0.0
2083000F3208000F3208000F,0.0,0.0,-7.5,0.0,0.0,40.88452999505537,0.0,-3.0,0.0
1083000F4208000F3208000F,0.0,0.0,0.0,0.0,0.0,132.81602244358655,-16.5,0.0,-3.4237499999999983
10A3100F4400900F4400900F,135.06407577059082,0.0,0.0,0.0,0.0,0.0,0.0,0.0,0.0
10B3100F3400900F3400900F,0.0,0.0,0.0,0.0,0.0,56.58599301670034,0.0,0.0,0.0
20A4000F3308000F3408000F,0.0,0.0,-14.437571038731564,0.0,0.0,0.0,0.0,0.0,0.0
2085000F3400800F3300800F,0.0,0.0,0.0,0.0,35.93550293012475,0.0,0.0,0.0,0.0
2095100F4310900F4310900F,0.0,-9.708184676971406,0.0,0.0,21.857013456673457,0.0,0.0,0.0,-0.8696849635119084
2085000F3400800F4300800F,0.0,0.0,60.203018084683364,0.0,0.0,0.0,0.0,24.3527653940303,0.0
2084100F4300800F3300800F,0.0,0.0,0.0,0.0,0.0,0.0,0.0,-9.0,0.0
2084100F4408000F4400800F,0.0,0.0,0.0,0.0,0.0,0.0,0.0,0.0,0.0
1095000F4308000F3400900F,0.0,0.0,99.940165557216,0.0,0.0,0.0,0.0,0.0,0.0
1091000F2206000F2206000F,0.0,121.89840876207401,0.0,0.0,0.0,0.0,0.0,0.0,0.0
1095100F4400A00F4400900F,62.04419421998688,0.0,0.0,0.0,0.0,0.0,0.0,0.0,0.0
2093000F3217000F3307000F,0.0,0.0,-8.46975303146842,0.0,0.0,0.0,33.88437892544553,-7.5,0.0
1075000F4208000F3208000F,0.0,0.0,0.0,0.0,0.0,28.22572264152425,0.0,0.0,47.8166810934882
2085000F4300900F4308000F,0.0,0.0,-15.0,0.0,0.0,0.0,0.0,0.0,0.0
1093000F3308000F3208000F,0.0,0.0,0.0,0.0,0.0,-8.726788161365098,0.0,0.0,0.0
1070000F3050000F3050000F,22.5,0.0,0.0,7.028728244567775,0.0,0.0,0.0,0.0,0.0
1091000F2107000F2107000F,0.0,0.0,0.0,0.0,0.0,29.267567211885737,0.0,0.0,0.0
1094000F3208000F3208000F,0.0,123.8942363512484,0.0,0.0,0.0,0.0,0.0,0.0,0.0
1091000F3206000F3206000F,0.0,0.0,0.0,0.0,0.0,0.0,57.74623438075098,0.0,0.0
1094000F4308000F4300900F,-1.5,0.0,0.0,0.0,0.0,0.0,0.0,0.0,0.0
1081000F3106000F2106000F,0.0,0.0,0.0,0.0,0.0,0.0,131.60830573619126,0.0,0.0
1080000F3060000F3007000F,0.0,0.0,0.0,0.0,0.0,0.0,0.0,0.0,0.0
1070000F2060000F2006000F,0.0,0.0,0.0,0.0,0.0,0.0,0.0,46.14253786109986,0.0
1082000F3108000F3108000F,0.0,0.0,-1.5479495256456097,0.0,99.56389887062846,0.0,0.0,0.0,0.0
0080000F2106000F2106000F,0.0,33.57123251035814,0.0,0.0,0.0,0.0,0.0,0.0,0.0
1080000F2060000F2106000F,0.0,0.0,0.0,0.0,0.0,0.0,0.0,0.0,0.0
1080000F3050000F2105000F,0.0,0.0,0.0,0.0,0.0,0.0,0.0,26.629391802971433,0.0
2094200F4400A00F4220A00F,0.0,0.0,71.3918191254086,0.0,0.0,0.0,0.0,0.0,0.0
2085000F4400800F4408000F,0.0,0.0,0.0,68.61491946723605,0.0,0.0,0.0,-10.5,0.0
2085000F4308000F4300800F,-2.966706448709864,0.0,-8.09665213282211,0.0,0.0,0.0,0.0,0.0,-12.0
00C3100F3400A00F3400A00F,0.0,0.0,0.0,0.0,0.0,0.0,0.0,81.23335683656985,0.0
300F400F4320C00F4320C00F,48.59034687506208,0.0,0.0,0.0,0.0,0.0,0.0,0.0,0.0
1080000F2106000F2106000F,0.0,0.0,76.79571573363197,0.0,-9.0,0.0,0.0,8.719303364848049,0.0
1070000F3150000F3105000F,37.5,0.0,0.0,0.0,0.0,0.0,0.0,0.0,0.0
1530000F3150000F3140000F,0.0,132.42795133229134,0.0,0.0,0.0,0.0,0.0,0.0,0.0
1085000F4300800F3300800F,0.0,0.0,0.0,0.0,-4.5,0.0,0.0,-14.89075619542995,0.0
1085000F3308000F3300900F,0.0,0.0,0.0,0.0,50.67687700318128,0.0,0.0,0.0,0.0
1081000F3007000F2107000F,17.56891552734375,0.0,0.0,0.0,0.0,0.0,0.0,0.0,0.0
1080000F3050000F2106000F,0.0,0.0,0.0,0.0,82.93873308232475,0.0,0.0,0.0,0.0
1085000F4308000F3300900F,0.0,0.0,0.0,0.0,0.0,0.0,0.0,14.35656888006839,0.0
2085000F3408000F3400800F,0.0,0.0,46.006907698123946,0.0,0.0,0.0,2.2120151925345333,-13.5,44.91558931674341
1084100F4308000F3400800F,0.0,0.0,0.0,0.0,0.0,-4.5,0.0,0.0,0.0
20A5200F4400A00F4220A00F,0.0,0.0,94.5684144899849,0.0,0.0,0.0,0.0,0.0,0.0
2074000F3208000F3308000F,0.0,-4.5,0.0,-4.5,-0.9841219002828492,0.0,24.13879352575814,0.0,0.0
2093000F3308000F3208000F,0.0,0.0,0.0,0.0,37.97190184491194,0.0,0.0,-1.5,0.0
1095000F3308000F3300900F,0.0,0.0,0.0,-3.0,0.0,0.0,0.0,0.0,0.0
2094000F4209000F4200900F,0.0,0.0,0.0,0.0,0.0,0.0,0.0,0.0,-1.5
10A4000F410A000F320A000F,0.0,0.0,0.0,0.0,0.0,0.0,47.24424587109206,0.0,0.0
0530000F2140000F2140000F,0.0,0.0,0.0,0.0,0.0,0.0,0.0,0.0,0.0
1530000F2150000F2150000F,0.0,0.0,85.10259148323357,0.0,0.0,0.0,0.0,0.0,0.0
1085000F3308000F3300800F,0.0,41.081541475588054,0.0,0.0,0.0,0.0,0.0,0.0,0.0
1095000F4308000F4300900F,51.99522785860705,0.0,0.0,0.0,0.0,68.26258431387899,0.0,0.0,0.0
1085000F3208000F3208000F,144.98575140333526,0.0,0.0,0.0,0.0,0.0,0.0,0.0,0.0
1080000F3050000F3006000F,0.0,0.0,0.0,0.0,-7.460677255513722,0.0,0.0,0.0,0.0
300E200F4400A00F4220A00F,0.0,0.0,37.15975551692747,0.0,0.0,0.0,0.0,0.0,0.0
1085000F3300900F3400900F,0.0,0.0,0.0,0.0,0.0,0.0,0.0,0.0,65.92136636261472
1073000F3107000F3107000F,0.0,0.0,0.0,0.0,54.15291371879318,0.0,0.0,0.0,0.0
20A4000F4300900F4300900F,0.0,0.0,0.0,0.0,0.0,0.0,0.0,27.675,0.0
20B3300F4210B00F4310B00F,128.4899747794771,0.0,0.0,0.0,0.0,0.0,0.0,0.0,0.0
1074000F3208000F3208000F,36.287204603205254,0.0,0.0,0.0,0.0,0.0,0.0,-5.97394621906742,0.0
2085000F3300800F4300800F,26.32326622906276,0.0,0.0,0.0,0.0,0.0,-9.0,0.0,0.0
20A4100F4300900F4400900F,0.0,0.0,0.0,0.0,0.0,0.0,0.0,0.0,102.43724244381303
1083000F3109000F3109000F,0.0,16.117229259986015,0.0,21.07715049672299,0.0,0.0,0.0,0.0,0.0
100D000F310B000F3100B00F,0.0,0.0,-19.5,0.0,0.0,0.0,0.0,0.0,0.0
100E000F410A000F3200A00F,0.0,0.0,0.0,0.0,0.0,0.0,0.0,0.0,117.72119740213931
100E000F400B000F310A000F,0.0,0.0,0.0,0.0,0.0,0.0,0.0,-10.725,0.0
100F100F3200D00F3200D00F,127.5,-26.081249999999997,0.0,0.0,-17.390625,-13.045312499999994,-10.872656249999991,-43.4625,0.0
1082000F3207000F3107000F,0.0,-0.2952563080054147,-3.0,0.0,0.0,0.0,0.0,-7.5,0.0
1080000F3006000F3106000F,0.0,0.0,58.91664941051523,0.0,0.0,0.0,0.0,0.0,0.0
1092000F3107000F3207000F,0.0,0.0,0.0,0.0,36.96044292763216,0.0,0.0,0.0,0.0
20A4200F4500A00F4220A00F,5.024184135432356,0.0,0.0,0.0,0.0,0.0,0.0,0.0,0.0
20A3100F4300800F4400800F,0.0,0.0,0.0,0.0,0.0,0.0,0.0,-4.5,0.0
2094000F3300900F4200900F,0.0,0.0,0.0,0.0,-4.5,0.0,0.0,0.0,0.0
1094000F3200900F3200900F,0.0,-7.5,0.0,0.0,0.0,0.0,0.0,0.0,0.0
20A4300F4310A00F4310A00F,0.0,104.33340690348552,0.0,0.0,0.0,0.0,0.0,0.0,0.0
2094000F4308000F4300900F,0.0,0.0,0.0,6.705999867259498,0.0,0.0,0.0,-0.08623065798528629,0.0
2084000F4308000F4308000F,7.422171286831096,-3.0,0.0,0.0,0.0,0.0,0.0,0.0,0.0
2085000F3300900F3308000F,26.39290764925952,0.0,0.0,0.0,0.0,0.0,0.0,-4.5,0.0
2084100F4308000F3400900F,0.0,54.85800455199265,0.0,0.0,0.0,0.0,0.0,0.0,-6.9243749999999995
2075000F3307000F3307000F,0.0,0.0,0.0,0.0,0.0,0.0,0.0,68.11803857695587,0.0
10A4000F3217000F3407000F,0.0,0.0,0.0,0.0,0.0,0.0,43.71497171600909,0.0,0.0
300F300F4420C00F4420C00F,0.0,0.0,0.0,0.0,0.0,0.0,30.795422913450956,0.0,0.0
1084000F4207000F3307000F,0.0,0.0,0.0,0.0,100.63447745085936,0.0,0.0,0.0,0.0
1074000F3206000F3206000F,0.0,0.0,0.0,0.0,133.62030234914596,0.0,0.0,0.0,0.0
2083000F3207000F3307000F,0.0,0.0,0.0,0.0,0.0,0.0,0.0,33.42079677736002,0.0
1082000F3108000F3107000F,34.905637226561765,0.0,0.0,0.0,0.0,0.0,0.0,0.0,0.0
1092000F3008000F3108000F,22.3921875,0.0,0.0,-10.725,-23.618734537455833,0.0,24.053035512542728,0.0,0.0
1082000F4008000F3108000F,0.0,0.0,0.0,12.187492236782077,0.0,0.0,0.0,0.0,0.0
1093000F4009000F3109000F,0.0,0.0,0.0,0.0,0.0,0.0,0.0,3.8865061582851546,0.0
1084000F4108000F3208000F,0.0,0.0,-9.0,20.9719807125891,0.0,0.0,3.537304499494363,0.0,0.0
2094100F4209000F3300900F,0.0,0.0,0.0,0.0,0.0,0.0,132.30686116153564,0.0,0.0
1084000F3108000F3108000F,0.0,-6.0,0.0,76.99294032431484,0.0,-9.0,0.0,0.0,0.0
20C4400F5320C00F4420C00F,0.0,0.0,0.0,0.0,0.0,0.0,57.46993226147049,0.0,0.0
1083000F3308000F3307000F,-3.8769945141385698,0.0,0.0,-10.5,0.0,0.0,0.0,0.0,0.0
2085100F4308000F4400800F,0.0,0.0,0.0,0.0,0.0,0.0,0.0,91.57815597824859,0.0
2073000F3206000F3206000F,0.0,72.72149503811147,0.0,0.0,0.0,0.0,0.0,0.0,0.0
2095000F3300900F3300900F,0.0,0.0,0.0,0.0,0.0,35.688100232614104,0.0,0.0,0.0
2085000F4308000F4308000F,0.0,0.0,0.0,0.0,0.0,9.913805918040737,0.0,0.0,0.0
10A4100F3400A00F3400A00F,0.0,0.0,0.0,0.0,0.0,0.0,0.0,107.29248607399472,0.0
20A3200F4310A00F4310A00F,0.0,0.0,0.0,0.0,-7.5,0.0,-10.5,0.0,59.93974993298888
300F400F4520B00F4520B00F,0.0,0.0,0.0,0.0,0.0,6.9522365692407115,0.0,0.0,0.0
2093100F4300A00F3400A00F,0.0,0.0,0.0,0.0,0.0,104.64404640610829,0.0,0.0,0.0
2084000F3308000F4308000F,0.0,-9.0,0.0,0.0,0.0,0.0,0.0,0.0,35.62612488763178
100E000F410A000F310A000F,0.0,0.0,-3.7119065551757835,0.0,0.0,-9.0,0.0,0.0,0.0
1094000F4209000F4300A00F,0.0,0.0,-13.5,0.0,0.0,0.0,0.0,0.0,0.0
200F500F5310D00F4310D00F,0.0,0.0,0.0,0.0,-3.0,0.0,0.0,0.0,0.0
2094100F4309000F4300900F,0.0,0.0,0.0,0.0,0.0,0.0,83.5796997927116,0.0,0.0
2082000F3306000F3306000F,112.3275639010952,0.0,0.0,0.0,0.0,0.0,0.0,0.0,0.0
2094000F3317000F3407000F,0.0,0.0,0.0,0.0,0.0,0.0,46.563182372356906,0.0,0.0
1092000F3207000F3107000F,0.0,0.0,-12.0,8.795521175227854,0.0,0.0,0.0,0.0,0.0
1093000F3108000F3208000F,0.0,0.0,-16.5,0.0,0.0,0.0,0.0,17.173953029125293,0.0
2095100F4400A00F4310A00F,0.0,-7.5,0.0,-4.5,0.0,19.000152120212263,0.0,0.0,0.0
2085000F4308000F3300900F,0.0,0.0,0.0,-2.627607592186756,0.0,0.0,-6.0,-1.3258520212688332,67.12328728328136
20A4200F5400A00F4410A00F,0.0,0.0,0.0,0.0,73.55958028739352,0.0,0.0,0.0,0.0
2094200F4210A00F4400A00F,0.0,0.0,-16.5,0.0,0.0,0.0,0.0,0.0,0.0
2094200F4310A00F4410A00F,0.0,0.0,0.0,0.0,2.0334593006633046,0.0,0.0,0.0,0.0
2094000F4300800F4300800F,0.0,0.0,0.0,0.0,55.59878563394714,0.0,0.0,0.0,0.0
1093000F3307000F3207000F,0.0,0.0,0.0,0.0,0.0,0.0,0.0,4.826313089984698,0.0
1081000F2006000F2006000F,0.0,-1.5,0.0,0.0,0.0,0.0,0.0,34.365260241533825,0.0
1082000F4107000F3107000F,0.0,0.0,0.0,0.0,0.0,0.0,0.0,0.0,14.182630120766913
1070000F2150000F2105000F,0.0,0.0,0.0,0.0,3.134657292718007,0.0,0.0,0.0,0.0
20A3100F4308000F4300900F,0.0,0.0,0.0,0.0,73.85308676803693,0.0,0.0,0.0,0.0
10B5200F4310B00F4310B00F,0.0,0.0,0.0,0.0,0.0,0.0,56.05523830951388,0.0,0.0
20B4200F3400B00F3400B00F,0.0,0.0,0.0,0.0,0.0,0.0,0.0,0.0,-10.5
2095000F4309000F4300900F,0.0,0.0,0.0,0.0,0.0,0.0,0.0,0.0,37.10099216524162
2095000F3308000F3308000F,0.0,0.0,0.0,0.0,0.0,11.15079822778566,0.0,0.0,0.0
2084100F3400900F3400900F,0.0,0.0,0.0,0.0,0.0,0.0,0.0,0.0,11.133564857219179
2085000F4400900F4400800F,0.0,0.0,69.89470728683229,0.0,0.0,0.0,0.0,0.0,0.0
1094000F4209000F3200900F,0.0,0.0,0.0,0.0,0.0,0.0,0.0,0.0,-4.95
1070000F3150000F3140000F,0.0,0.0,0.0,0.0,0.0,0.0,0.0,0.0,0.0
1082000F4107000F3206000F,0.0,0.0,47.8773643186607,0.0,0.0,0.0,0.0,0.0,0.0
200F300F4410C00F4410C00F,0.0,0.0,0.0,0.0,0.0,0.0,0.0,22.509789413729596,0.0
2093100F3300900F3300900F,0.0,0.0,-7.5,0.0,0.0,0.0,0.0,0.0,0.0
20A4200F3400A00F4400A00F,0.0,0.0,0.0,0.0,0.0,0.0,0.0,0.0,-13.5
300F300F4230C00F4510C00F,0.0,0.0,0.0,14.129887392204902,0.0,0.0,0.0,0.0,0.0
1082000F3207000F3206000F,0.0,0.0,0.0,0.0,0.0,0.0,0.0,105.26480405338569,0.0
2085000F3400800F3408000F,0.0,0.0,0.0,0.0,0.0,0.0,0.0,0.0,0.0
1074000F3208000F3308000F,0.0,0.0,0.0,0.0,57.477080124169746,0.0,0.0,0.0,0.0
1081000F3107000F2107000F,0.0,0.0,-1.5,0.0,-6.0,0.0,0.0,0.0,0.0
0081000F3007000F3007000F,0.0,0.0,0.0,0.0,0.0,0.0,-75.0,0.0,0.0
1080000F2060000F2006000F,0.0,0.0,0.0,0.0,4.958294411527753,0.0,0.0,0.0,0.0
20A4200F4400A00F4210A00F,0.0,0.0,0.0,0.0,0.0,0.0,0.0,0.0,22.5
20A4000F4300900F4400900F,0.0,0.0,0.0,0.0,0.0,0.0,63.59718127071456,0.0,0.0
0070000F2050000F2050000F,171.58401479491525,0.0,0.0,0.0,0.0,0.0,10.125,0.0,0.0
0070000F2060000F2050000F,0.0,0.0,0.0,0.0,0.0,0.0,0.0,52.5,0.0
0510000F1060000F1060000F,0.0,0.0,0.0,0.0,0.0,0.0,-39.0,27.597288515705834,0.0
0082000F3008000F3008000F,0.0,0.0,0.0,0.0,0.0,0.0,0.0,0.0,100.94871072293371
2084000F4208000F3208000F,0.0,0.0,0.0,0.0,0.0,0.0,82.43599174415525,0.0,12.578195037729111
10A4000F4200B00F4200B00F,0.0,0.0,0.0,0.0,0.0,0.0,22.5,0.0,0.0
0092000F3108000F3108000F,75.0,0.0,0.0,0.0,0.0,0.0,0.0,0.0,21.0
1094000F3200A00F4200A00F,0.0,0.0,-1.5,0.0,0.0,0.0,0.0,0.0,0.0
1094100F4200A00F4200A00F,0.0,0.0,0.0,0.0,0.0,0.0,0.0,0.0,22.5
0095000F3209000F3209000F,0.0,0.0,0.0,-6.0,0.0,0.0,0.0,0.0,0.0
00A3000F3208000F3208000F,0.0,0.0,0.0,16.5,0.0,0.0,0.0,0.0,0.0
0083000F3207000F3207000F,0.0,46.87101752266107,0.0,0.0,0.0,0.0,0.0,0.0,0.0
2084100F4300800F4400800F,0.0,0.0,0.0,0.0,-3.0,0.0,0.0,0.0,0.0
2074000F3308000F3308000F,0.0,0.0,0.0,0.0,-12.0,0.0,0.0,0.0,0.0
20A4200F3410A00F3410A00F,0.0,0.0,0.0,0.0,0.0,0.0,38.30671825179992,0.0,0.0
0420000F2050000F2050000F,0.0,0.0,21.084510097681598,0.0,0.0,0.0,0.0,0.0,0.0
0080000F2006000F2006000F,0.0,0.0,0.0,0.0,-22.5,0.0,0.0,0.0,0.0
1071000F2106000F2106000F,22.5,0.0,0.0,0.0,0.0,0.0,0.0,0.0,0.0
0090000F2007000F2007000F,0.0,0.0,0.0,10.5,0.0,0.0,0.0,0.0,0.0
1080000F2160000F2106000F,0.0,0.0,0.0,0.0,0.0,-3.0,0.0,0.0,0.0
1080000F3050000F3150000F,0.0,0.0,0.0,0.0,0.0,139.01759756309258,0.0,0.0,0.0
1094000F4209000F3300900F,0.0,0.0,0.0,0.0,0.0,0.0,29.250512040371806,0.0,0.0
20A4000F4308000F3400900F,85.5,0.0,0.0,0.0,0.0,0.0,0.0,0.0,0.0
1096100F3400900F4400900F,0.0,0.0,0.0,0.0,0.0,0.0,106.04599637353058,0.0,0.0
1080000F3150000F2105000F,0.0,0.0,0.0,0.0,0.0,0.0,0.0,0.0,31.518404471870554
1084000F3109000F3209000F,0.0,0.0,0.0,0.0,0.0,0.0,0.0,0.0,0.0
1084000F4109000F3109000F,0.0,0.0,0.0,0.0,0.0,0.0,0.0,0.0,0.0
20A3000F420A000F4200A00F,0.0,0.0,0.0,0.0,0.0,0.0,0.0,0.0,0.0
20A4000F420A000F4200A00F,0.0,0.0,13.5,0.0,0.0,0.0,0.0,0.0,0.0
200F400F5200F00F4300F00F,0.0,0.0,0.0,-3.0,0.0,0.0,0.0,0.0,0.0
300E500F5300E00F4400E00F,0.0,0.0,0.0,0.0,0.0,0.0,-6.0,0.0,0.0
200D000F420A000F4200A00F,0.0,0.0,0.0,0.0,98.21264748431251,0.0,0.0,0.0,0.0
0081000F3006000F3006000F,0.0,0.0,0.0,0.0,0.0,0.0,0.0,0.0,0.0
0420000F2040000F2140000F,0.0,0.0,0.0,0.0,0.0,0.0,0.0,-3.0,0.0
0080000F2050000F2050000F,0.0,0.0,0.0,0.0,0.0,-1.5,15.1875,0.0,0.0
1080000F2106000F3106000F,0.0,0.0,0.0,0.0,0.0,0.0,0.0,0.0,-5.284263261305728
100D000F300A000F300A000F,0.0,0.0,0.0,0.0,0.0,0.26038802608213096,-20.221874999999997,0.0,0.0
0520000F3150000F3150000F,0.0,0.0,0.0,117.30447677159157,0.0,0.0,0.0,0.0,0.0
20A4200F4220A00F4320A00F,0.0,-4.5,0.0,0.0,0.0,0.0,0.0,0.0,0.0
2085000F3308000F3400900F,82.09139692902012,0.0,0.0,0.0,0.0,0.0,0.0,0.0,0.0
20A3000F3400800F3300800F,-1.7196251271475642,0.0,0.0,0.0,0.0,0.0,0.0,0.0,0.0
1083000F3108000F3108000F,9.814687500000002,0.0,0.0,0.0,0.0,0.0,0.0,0.0,0.0
0091000F3008000F3008000F,0.0,0.0,0.0,0.0,0.0,0.0,-1.5,-19.144663828124997,0.0
0082000F2008000F2008000F,0.0,-22.5,0.0,0.0,0.0,0.0,0.0,0.0,0.0
1083000F2108000F2108000F,45.0,0.0,0.0,-58.5,0.0,0.0,0.0,0.0,0.0
00A4000F210A000F210A000F,0.0,-1.2110097656250005,0.0,0.0,-43.780078124999996,0.0,0.0,0.0,0.0
000F000F310B000F310B000F,0.0,0.0,0.0,0.0,0.0,0.0,0.0,-45.0,0.0
1093000F310A000F310A000F,0.0,0.0,-9.0,-54.03753502962502,0.0,0.0,0.0,0.0,0.0
10A3000F300A000F300A000F,0.0,0.0,10.734349223473918,0.0,0.0,0.0,0.0,0.0,0.0
1081000F3007000F2007000F,0.0,0.0,0.0,0.0,24.135468750000005,0.0,0.0,0.0,0.0
1092000F3009000F2009000F,0.0,0.0,0.0,-0.30726562499999943,0.0,0.0,-19.945434076420117,0.0,0.0
1092000F3009000F3009000F,0.0,0.0,0.0,0.0,0.0,50.60447717022611,0.0,0.0,0.0
100E000F400B000F300B000F,0.0,0.0,0.0,0.0,66.0,0.0,0.0,0.0,0.0
0093000F300A000F300A000F,0.0,0.0,0.0,0.0,0.0,-31.93875,0.0,0.0,0.0
20A4100F4300A00F4300A00F,0.0,0.0,0.0,0.0,0.0,0.0,-10.5,0.0,0.0
100E100F4200B00F4200B00F,-4.5,0.0,0.0,0.0,0.0,0.0,0.0,0.0,0.0
100E100F4100C00F4100C00F,0.0,0.0,0.0,13.150677974874554,0.0,0.0,0.0,0.0,0.0
10A3000F4209000F4200A00F,0.0,0.0,0.0,0.0,0.0,0.0,0.0,0.0,0.0
100E000F420A000F3200A00F,0.0,0.0,0.0,0.0,0.0,0.0,0.0,0.0,0.0
1093000F3009000F3009000F,0.0,8.440128079142577,0.0,0.0,0.0,0.0,0.0,0.0,0.0
00A3000F310A000F310A000F,0.0,0.0,0.0,-32.175,0.0,-19.012499999999996,0.0,0.0,33.75
1093000F4109000F3208000F,0.0,0.0,87.36566419451736,0.0,0.0,0.0,0.0,0.0,0.0
1080000F2006000F2106000F,0.0,2.28448982393555,0.0,0.0,0.0,0.0,0.0,0.0,0.0
1080000F3060000F2007000F,0.0,55.64926680758699,0.0,0.0,0.0,0.0,0.0,0.0,0.0
1070000F2050000F2050000F,0.0,0.0,0.0,0.0,0.0,0.0,15.965046021978361,0.0,0.0
2085100F4300900F3400900F,0.0,0.0,0.0,0.0,0.0,0.0,0.0,125.39199144942748,0.0
1081000F2107000F2107000F,0.0,0.0,0.0,0.0,0.0,33.10814879287191,0.0,0.0,0.0
000D000F300B000F300B000F,0.0,0.0,0.0,0.0,0.0,0.0,0.0,0.0,65.728125
000E000F300B000F300B000F,0.0,0.0,0.0,0.0,42.0,0.0,0.0,0.0,0.0
1000F00C1000F00C1000F00C,0.0,0.0,0.0,0.0,0.0,0.0,0.0,0.0,0.0
1000F00E1000F00E1000F00E,0.0,-45.0,0.0,0.0,0.0,0.0,0.0,0.0,0.0
000F200D3200F00F3200F00F,0.0,0.0,-103.5,0.0,0.0,0.0,0.0,0.0,0.0
200F400F4200F00F4200F00F,0.0,0.0,0.0,0.0,0.0,0.0,-1.5,0.0,0.0
100E200F4200C00F4200C00F,9.522293678032433,0.0,0.0,0.0,0.0,0.0,0.0,0.0,0.0
100F200F4100E00F3100D00F,155.25,0.0,0.0,0.0,0.0,0.0,0.0,0.0,0.0
000F500E3200F00E3200F00E,0.0,0.0,-56.925,0.0,0.0,0.0,0.0,0.0,0.0
000F500E3100F00E3200F00E,0.0,0.0,-33.6375,0.0,0.0,0.0,0.0,0.0,0.0
1081000F3206000F3205000F,0.0,0.0,0.0,0.0,0.0,97.65315574237286,0.0,0.0,0.0
2095000F3300900F3308000F,15.266744546458039,0.0,0.0,0.0,0.0,0.0,0.0,0.0,0.0
1083000F4107000F3207000F,84.81607820846713,0.0,0.0,0.0,0.0,0.0,0.0,0.0,0.0
1520000F3050000F3050000F,0.0,0.0,0.0,0.0,0.0,0.0,0.0,41.76401290133699,0.0
1070000F3050000F2050000F,0.0,0.0,0.0,0.0,0.0,0.0,0.0,0.0,22.08103112422876
1081000F2106000F2106000F,0.0,0.0,0.0,0.0,111.40621620884191,0.0,0.0,0.0,0.0
1093000F3009000F3109000F,0.0,0.0,0.0,0.0,0.0,0.0,17.515158952734378,0.0,0.0
100D000F300B000F300B000F,16.5,0.0,0.0,0.0,0.0,0.0,0.0,0.0,0.0
1083000F2109000F2109000F,0.0,0.0,0.0,-45.0,0.0,3.5461152712283193,0.0,0.0,0.0
1082000F3008000F2108000F,0.0,0.0,0.0,0.0,0.0,29.108962580687276,0.0,0.0,0.0
2084000F4308000F4300900F,0.0,0.0,0.0,0.0,0.0,-12.0,0.0,0.0,0.0
1094000F4309000F4300900F,5.605599884529061,-4.5,0.0,0.0,0.0,0.0,0.0,0.0,0.0
20A3300F4400A00F4410A00F,0.0,0.0,0.0,0.0,0.0,88.01394167143505,0.0,0.0,0.0
1085100F3408000F3400900F,72.32033229760384,0.0,0.0,0.0,0.0,0.0,0.0,0.0,0.0
2093000F3407000F3307000F,0.0,0.0,19.864368686637466,0.0,0.0,0.0,0.0,0.0,0.0
2082000F3306000F3206000F,0.0,0.0,0.0,0.0,35.84225047054651,0.0,0.0,0.0,0.0
1094000F4109000F3209000F,0.0,0.0,0.0,0.0,0.0,0.0,0.0,22.29007248595429,0.0
0520000F2050000F3050000F,0.0,0.0,0.0,0.0,0.0,52.875,0.0,0.0,0.0
0070000F2060000F2060000F,0.0,0.0,0.0,4.281700781249999,0.0,0.0,0.0,0.0,0.0
0080000F2007000F3007000F,0.0,0.0,0.0,0.0,0.0,0.0,0.0,0.0,0.0
0081000F2106000F2106000F,0.0,0.0,0.0,0.0,0.0,0.0,0.0,0.0,0.0
0091000F2107000F2107000F,0.0,0.0,0.0,31.59318361752561,0.0,0.0,0.0,0.0,0.0
0090000F2106000F2106000F,0.0,0.0,0.0,-3.0,0.0,0.0,0.0,0.0,0.0
00A2000F3108000F3107000F,0.0,0.0,0.0,19.5,0.0,0.0,0.0,0.0,0.0
0092000F2107000F2107000F,0.0,0.0,0.0,0.0,0.0,0.0,22.5,0.0,0.0
00A2000F2207000F2207000F,0.0,0.0,0.0,0.0,0.0,0.0,0.0,0.0,15.688835326714939
000D000F300A000F300A000F,0.0,0.0,0.0,0.0,10.125,0.0,0.0,0.0,0.0
000D000F200B000F200B000F,0.0,0.0,0.0,0.0,0.0,120.19610752387791,0.0,0.0,28.526496771490116
20B3300F3410B00F3410B00F,0.0,0.0,0.0,0.0,0.0,42.536884461048224,0.0,0.0,0.0
2095100F4310A00F4310A00F,0.0,0.0,0.0,0.0,0.0,-10.5,0.0,-4.5,0.0
20A5100F4400A00F4310A00F,0.0,0.0,0.0,0.0,0.0,0.0,14.297308982265799,0.0,0.0
1093000F3308000F3307000F,0.0,0.0,0.0,90.39827526522542,0.0,0.0,92.71192956387631,0.0,0.0
0080000F1060000F1060000F,0.0,0.0,0.0,0.0,0.0,0.0,0.0,0.0,29.78889983972716
2085000F3300800F3400800F,0.0,0.0,0.0,0.0,0.0,0.0,-1.5945091168948187,0.0,-11.138813779235992
200F400F5320C00F4420C00F,0.0,0.0,0.0,0.0,0.0,0.0,0.0,41.884602229728614,0.0
1091000F3007000F3107000F,0.0,0.0,0.0,46.10381867395154,0.0,0.0,0.0,0.0,0.0
1084000F4108000F3108000F,0.0,0.0,0.0,0.0,0.0,0.0,86.87715936846132,0.0,0.0
1082000F2108000F2108000F,15.129046815368339,0.0,0.0,0.0,0.0,0.0,0.0,0.0,0.0
1074000F3308000F3308000F,0.0,35.924038901879015,0.0,0.0,0.0,0.0,0.0,0.0,0.0
1085000F4208000F3208000F,0.0,0.0,0.0,0.0,0.0,0.0,0.0,27.194785848860683,0.0
1095100F3400900F3400900F,0.0,54.35150563006596,0.0,0.0,0.0,0.0,0.0,0.0,0.0
1081000F3107000F3106000F,0.0,0.0,17.271462515236465,0.0,0.0,0.0,0.0,0.0,0.0
2095000F4308000F3400900F,0.0,0.0,97.45789882744984,0.0,0.0,0.0,0.0,0.0,0.0
0090000F2008000F2008000F,0.0,0.0,0.0,0.0,0.0,0.0,0.0,108.46105905757953,0.0
0091000F1008000F1008000F,0.0,28.03200340510798,0.0,0.0,0.0,0.0,0.0,0.0,0.0
2093000F4208000F3208000F,0.0,0.0,0.0,9.972757904062249,0.0,0.0,0.0,0.0,0.0
2093100F4308000F3400800F,0.0,0.0,0.0,34.16187042990466,0.0,0.0,0.0,0.0,0.0
1081000F3206000F3106000F,0.0,0.0,81.89995307314332,0.0,0.0,0.0,0.0,0.0,0.0
10A4300F4310A00F4310A00F,0.0,0.0,0.0,0.0,0.0,0.0,0.0,0.0,0.0
2095100F4400900F4400900F,0.0,0.0,0.0,0.0,0.0,0.0,0.0,0.0,74.80307324082732
1073000F3206000F3306000F,0.0,37.4347945750172,0.0,0.0,0.0,0.0,0.0,0.0,0.0
00A4000F3308000F3307000F,0.0,0.0,0.0,0.0,0.0,0.0,0.0,29.373309320974336,0.0
2094000F3309000F3300900F,0.0,0.0,0.0,0.0,0.0,-15.0,0.0,0.0,0.0
1094000F3209000F3309000F,0.0,0.0,0.0,23.18981820396346,0.0,0.0,-6.0,0.0,0.0
20A4200F4220A00F4220A00F,0.0,78.87612597140537,0.0,0.0,0.0,0.0,0.0,0.0,0.0
2094000F4308000F3308000F,0.0,0.0,0.0,0.0,0.0,0.0,7.500815310272012,0.0,0.0
1094100F4300900F4300900F,0.0,0.0,0.0,0.0,0.0,0.0,0.0,0.0,26.569979346008605
2084000F3208000F3208000F,15.180295639326781,0.0,0.0,0.0,0.0,0.0,0.0,-12.0,0.0
1094000F4209000F3209000F,0.0,-1.5,0.0,0.0,0.0,28.614946614249558,0.0,0.0,0.0
0092000F3008000F3008000F,0.0,0.0,0.0,0.0,0.0,0.0,0.0,0.0,0.0
1094000F3209000F3209000F,0.0,0.0,13.195047424453163,-3.9889969002828494,0.0,0.0,0.0,-6.743953882227608,0.0
20A3100F4300900F3400900F,0.0,0.0,0.0,82.37029337286583,0.0,0.0,0.0,0.0,0.0
20A4200F4220A00F4400A00F,0.0,0.0,0.0,0.0,0.0,0.0,0.0,0.0,0.0
20A5200F4310A00F3410A00F,71.6835152621207,0.0,0.0,0.0,0.0,0.0,0.0,0.0,0.0
2094000F3309000F3309000F,15.54624682338726,0.0,0.0,0.0,0.0,0.0,0.0,0.0,0.0
2084000F3308000F4300900F,0.0,0.0,0.0,-10.5,0.0,0.0,0.0,0.0,0.0
2094200F4310A00F4310900F,0.0,0.0,0.0,0.0,0.0,0.0,0.0,0.0,-1.5
10A3000F4309000F3300900F,0.0,0.0,0.0,0.0,0.0,0.0,5.243566002092862,0.0,0.0
10A4200F4400A00F4400A00F,2.5765682006835933,0.0,0.0,0.0,0.0,0.0,0.0,0.0,0.0
1094000F4209000F3309000F,19.07737674026762,0.0,0.0,0.0,0.0,0.0,0.0,0.0,0.0
2094000F4300800F4400800F,0.0,0.0,0.0,0.0,0.0,0.0,30.169987581887973,0.0,0.0
20A4200F5400A00F4320A00F,0.0,38.43149404868674,0.0,0.0,0.0,0.0,0.0,0.0,0.0
1082000F3009000F3009000F,0.0,0.0,0.0,0.0,0.0,46.928649480788735,0.0,0.0,0.0
000D000F300B000F300A000F,0.0,0.685148596572887,0.0,0.0,0.0,0.0,0.0,0.0,0.0
0080000F0080000F0080000F,0.0,0.0,0.0,0.0,0.0,0.0,0.0,6.019529456386875,0.0
1094000F4200A00F4200A00F,0.0,0.0,0.0,44.74921195612882,0.0,0.0,0.0,0.0,0.0
1094000F4209000F4200900F,0.0,0.0,0.0,11.04436871925493,0.0,0.0,0.0,0.0,0.0
1082000F3106000F3106000F,0.0,0.0,0.0,0.0,0.0,105.53202548747524,0.0,0.0,0.0
1091000F3106000F3106000F,0.0,0.0,-2.4405265719709854,0.0,0.0,0.0,0.0,31.091889855887203,0.0
1080000F2150000F3050000F,0.0,0.0,0.0,0.0,0.0,0.0,24.59610759301257,0.0,0.0
1082000F3009000F2009000F,17.25,0.0,0.0,0.0,0.0,0.0,0.0,0.0,0.0
0091000F2009000F2008000F,0.0,0.0,0.0,0.0,57.4875,0.0,0.0,0.0,0.0
000F000F0000F00F0000F00F,0.0,0.0,0.0,0.0,0.0,-22.5,0.0,0.0,6.741103847216307
00A2000F200A000F200A000F,0.0,0.0,0.0,0.0,0.0,0.0,-94.5,0.0,28.1625
0000F00B0000F00B0000F00B,0.0,0.0,-18.726587748388265,0.0,0.0,0.0,0.0,0.0,0.0
2095100F4300900F4300900F,0.0,0.0,0.0,0.0,127.79328392741436,0.0,0.0,0.0,0.0
2094000F3209000F3309000F,0.0,0.0,0.0,0.0,0.0,0.0,0.0,0.0,0.1515351018477471
1083000F3306000F3306000F,0.0,0.0,0.0,0.0,0.0,0.0,0.0,20.29260170508331,0.0
1086000F3400900F3400900F,0.0,0.0,0.0,0.0,0.0,90.0010349422011,0.0,0.0,0.0
2093100F4300900F4300900F,0.0,0.0,0.0,77.92496185865713,0.0,0.0,0.0,0.0,0.0
2094000F4309000F3300900F,0.0,0.0,0.0,0.0,0.0,0.0,0.0,0.0,0.0
2074000F3208000F3208000F,43.43797440839944,0.0,0.0,0.0,0.0,0.0,0.0,0.0,0.0
1080000F3105000F2105000F,0.0,0.0,0.0,0.0,0.0,9.53780704675735,0.0,0.0,0.0
1430000F3140000F2140000F,0.0,0.0,0.0,0.0,0.0,0.0,0.0,0.0,63.1394618161201
20A4100F4400A00F3400A00F,0.0,0.0,-16.5,0.0,0.0,0.0,0.0,0.0,0.0
200F300F5310C00F4320C00F,0.0,0.0,0.0,0.0,0.0,0.0,0.0,-1.5,0.0
20A4400F4310B00F4310B00F,0.0,0.0,0.0,0.0,-1.5,0.0,0.0,0.0,0.0
20A4200F5310A00F4310A00F,0.0,13.17935148934814,0.0,0.0,0.0,0.0,0.0,0.0,0.0
10A4100F4300900F4300900F,0.0,0.0,0.0,0.0,0.0,0.0,13.7772259220498,0.0,0.0
1094000F4209000F4209000F,0.0,0.0,0.0,0.0,0.0,49.55931096294706,0.0,0.0,0.0
10A3000F3208000F3308000F,0.0,0.0,0.0,0.0,60.676845398698795,0.0,0.0,0.0,0.0
2084000F3308000F3408000F,0.0,0.0,0.0,0.0,0.0,0.0,-8.479190110167124,0.0,0.0
20A4000F4400800F4400800F,0.0,0.0,0.0,0.0,0.0,0.0,0.0,0.0,0.0
1094000F3109000F3109000F,43.126472791686055,-26.8125,0.0,0.0,0.0,0.0,-6.0,0.0,0.0
20A4200F4400B00F4400A00F,0.0,0.0,0.0,0.0,-4.5,0.0,0.0,0.0,0.0
200F300F5310C00F4410C00F,0.0,0.0,0.0,0.0,77.55037886751168,0.0,0.0,0.0,0.0
2084000F3400800F4400800F,0.0,0.0,0.0,9.746172135063686,0.0,0.0,0.0,0.0,0.0
0081000F3106000F3106000F,0.0,0.0,0.0,0.0,0.0,0.0,0.0,0.0,106.70985022587689
1093000F3208000F3207000F,9.0696076626933,0.0,0.0,0.0,0.0,0.0,0.0,0.0,0.0
1064000F3207000F3207000F,0.0,0.0,0.0,0.0,148.8061890822727,0.0,0.0,0.0,0.0
2084100F4400900F4400900F,0.0,0.0,0.0,0.0,0.0,0.0,85.92462853207655,0.0,0.0
20A3000F3300800F3300800F,0.0,-1.5,0.0,0.0,0.0,0.0,0.0,0.0,0.0
0091000F2007000F2007000F,4.3875,0.0,0.0,0.0,0.0,0.0,0.0,0.0,0.0
100E000F3200B00F3200B00F,0.0,-3.0,0.0,0.0,0.0,0.0,0.0,0.0,0.0
10A4000F3200A00F3200A00F,0.0,0.0,0.0,0.0,0.0,0.0,0.0,0.0,-4.5
100F000F3100B00F3100B00F,0.0,0.0,0.0,0.0,0.0,0.0,0.0,0.0,0.0
0092000F2108000F2108000F,0.0,0.0,0.0,0.0,0.0,0.0,0.0,0.0,0.0
0091000F2107000F3007000F,0.0,0.0,0.0,0.0,0.0,0.84375,0.0,0.0,0.0
00A1000F2009000F2009000F,0.0,0.0,29.811493414336358,0.0,0.0,0.0,0.0,0.0,0.0
2094100F3300900F4300900F,0.0,0.0,0.0,0.0,0.0,0.0,-2.5285767871449467,0.0,0.0
20A4200F4300A00F4400A00F,0.0,0.0,0.0,0.0,0.0,0.0,0.0,31.07183008709408,0.0
2095100F4400A00F4400A00F,0.0,18.380604341901854,0.0,0.0,0.0,0.0,0.0,0.0,0.0
1081000F2007000F2006000F,0.0,0.0,30.33150274163358,0.0,0.0,0.0,0.0,0.0,0.0
2085000F3400900F4300900F,0.0,0.0,0.0,0.0,23.871327018297556,0.0,0.0,0.0,0.0
2085100F4408000F3400800F,0.0,0.0,0.0,55.606108331561465,0.0,0.0,0.0,0.0,0.0
2085100F4308000F4400900F,0.0,0.0,0.0,0.0,0.0,68.95275100225071,0.0,0.0,0.0
20A4200F4400B00F4220A00F,0.0,0.0,0.0,45.93857254403261,0.0,0.0,0.0,0.0,0.0
2094000F4309000F4309000F,0.0,0.0,0.0,-10.5,0.0,0.0,0.0,0.0,0.0
2094200F4210A00F4310A00F,-1.5,-6.0,0.0,0.0,0.0,0.0,0.0,0.0,0.0
2094200F4210A00F4320A00F,0.0,0.0,0.0,0.0,0.0,107.39694767538138,0.0,0.0,0.0
2094200F4400A00F4400A00F,0.0,0.0,0.0,0.0,-12.0,0.0,0.0,-1.5,0.0
20A3000F4309000F3300900F,21.782998793633325,0.0,0.0,0.0,0.0,0.0,0.0,0.0,0.0
0520000F2050000F2050000F,0.0,12.0,0.0,0.0,0.0,0.0,0.0,0.0,38.66322854787681
2085000F4308000F4300900F,0.0,0.0,0.0,52.64617780015941,0.0,0.0,0.0,0.0,0.0
20A4100F4300A00F4400A00F,0.0,0.0,0.0,0.0,0.0,0.0,0.0,22.708045815945496,0.0
200F400F5410C00F4420C00F,0.0,0.0,0.0,0.0,0.0,0.0,112.18082739196423,0.0,0.0
1085000F4308000F4300900F,0.0,0.0,0.0,-4.5,54.03772693678231,0.0,0.0,0.0,0.0
1085000F3408000F3408000F,0.0,0.0,0.0,-13.858446953081923,0.0,0.0,0.0,0.0,0.0
2095000F4300900F3400900F,0.0,0.0,0.0,0.0,0.0,0.0,0.0,106.84498090688902,0.0
2085000F3300900F4300900F,0.0,0.0,0.0,0.0,-13.5,0.0,0.0,0.0,0.0
1094000F4209000F4300900F,0.0,0.0,0.0,0.0,0.0,0.0,0.0,0.0,0.0
2094000F3309000F4300900F,0.0,0.0,0.0,0.0,0.0,-1.5,0.0,0.0,0.0
2094000F3309000F4209000F,0.0,0.0,13.014466497669718,0.0,0.0,0.0,0.0,0.0,0.0
00B3100F3400900F3400900F,0.0,40.95131968651065,0.0,0.0,0.0,0.0,0.0,0.0,0.0
1430000F2140000F2140000F,0.0,0.0,0.0,0.0,0.0,0.0,12.736304724093278,0.0,0.0
2085000F4408000F3400800F,0.0,0.0,-15.0,0.0,0.0,0.0,0.0,54.73846200288833,0.0
2084100F4308000F4400800F,-12.0,0.0,-9.235332075675775,0.0,0.0,-12.0,0.0,0.0,0.0
1064000F3206000F3206000F,102.19896219916843,0.0,0.0,0.0,0.0,0.0,0.0,0.0,0.0
0090000F1070000F1070000F,31.834348237878913,0.0,0.0,0.0,0.0,0.0,0.0,0.0,0.0
1083000F3009000F3008000F,0.0,2.04375,0.0,0.0,0.0,0.0,0.0,0.0,0.0
1084000F3209000F3209000F,0.0,0.0,0.0,0.0,0.0,0.0,0.0,0.0,0.0
200E300F4400B00F4400B00F,0.0,22.27329483932522,0.0,0.0,0.0,0.0,0.0,0.0,0.0
1080000F3150000F3150000F,0.0,0.0,0.0,0.0,0.0,120.21950161776412,0.0,0.0,0.0
20A5200F4400A00F4310A00F,0.0,0.0,0.0,0.0,21.281812575042224,0.0,0.0,0.0,0.0
1080000F2050000F2050000F,0.0,0.0,0.0,0.0,0.0,-18.983625,0.0,24.401598112233586,0.0
1080000F2060000F2060000F,0.0,0.0,18.67074137895459,0.0,0.0,0.0,0.0,0.0,0.0
0091000F2108000F2108000F,0.0,0.0,0.0,18.450000000000003,0.0,0.0,0.0,0.0,0.0
000F000F2200C00F2200C00F,0.0,0.0,0.0,0.0,0.0,0.0,-42.0,0.0,0.0
00A3000F210A000F210A000F,0.0,0.0,0.0,0.0,0.0,31.134375000000002,0.0,0.0,0.0
000F200E2200E00F2200E00F,0.0,0.0,0.0,0.0,0.0,0.0,0.0,0.0,0.0
000F000F3000D00F3000D00F,0.0,-59.1,15.085684492872689,-12.375,0.0,0.0,0.0,0.0,0.0
00A3000F300B000F300B000F,0.0,0.0,0.0,0.0,0.0,0.0,0.0,0.0,0.0
0093000F200A000F200A000F,0.0,14.581824290269077,0.0,0.0,0.0,0.0,0.0,0.0,0.0
2084100F4308000F3400800F,0.0,0.0,0.0,-3.0,0.0,0.0,0.0,0.0,16.20113091528477
2083000F4307000F3307000F,0.0,0.0,0.31452989651329233,0.0,0.0,0.0,0.0,0.0,0.0
1075000F3308000F3307000F,0.0,0.0,132.6092756759601,0.0,0.0,0.0,0.0,0.0,0.0
20A5100F4400A00F4400A00F,0.0,0.0,0.0,0.0,0.0,-13.5,0.0,0.0,0.0
20B4300F4310C00F4420B00F,43.55723324883486,0.0,0.0,0.0,0.0,0.0,0.0,0.0,0.0
000C000F200A000F200A000F,0.0,0.0,0.0,0.0,0.0,18.900000000000002,50.15024084383734,0.0,0.0
000E000F200C000F200C000F,0.0,0.0,0.0,0.0,0.0,0.0,42.265518423182414,0.0,0.0
0093000F3009000F3009000F,0.0,0.0,0.0,0.0,0.0,0.0,0.0,0.0,27.672940853332133
2095000F4308000F3300900F,0.0,0.0,0.0,0.0,0.0,0.0,0.0,-10.5,0.0
2084100F3408000F3400800F,0.0,0.0,0.0,0.0,-4.714805769250981,0.0,0.0,0.0,0.0
2085000F4300900F3400900F,0.0,0.0,0.0,0.0,0.0,0.0,0.0,0.0,117.04578529516365
20A4000F4308000F4400800F,0.0,0.0,0.0,49.88023363937529,0.0,0.0,0.0,0.0,0.0
1085100F3300900F3400900F,0.0,0.0,0.0,82.93510675862913,0.0,0.0,0.0,0.0,0.0
1084100F4308000F3300900F,0.0,0.0,2.4209119920615514,0.0,0.0,0.0,0.0,0.0,0.0
1095000F3308000F4300900F,0.0,0.0,0.0,0.0,0.0,0.0,0.0,0.0,104.1585701426319
1083000F3008000F3108000F,0.0,0.0,0.0,0.0,0.0,0.0,0.0,11.097086079624026,0.0
1084000F4208000F4208000F,0.0,0.0,0.0,0.0,0.0,0.0,67.01038596829757,0.0,0.0
1092000F4107000F3207000F,0.0,0.0,0.0,84.49484499789854,0.0,0.0,0.0,0.0,0.0
100E000F300B000F300B000F,0.0,0.0,0.0,0.0,0.0,67.5,0.0,0.0,0.0
10B3000F310B000F310B000F,0.0,0.0,0.0,-67.5,0.0,0.0,0.0,0.0,0.0
10A4000F410A000F310A000F,0.0,0.0,0.0,0.0,0.0,-3.438103428118172,0.0,0.0,0.0
200F100F4200B00F4300B00F,0.0,0.0,0.0,0.0,0.0,0.0,0.0,0.0,0.0
100D100F410A000F3200A00F,0.0,0.0,0.0,0.0,0.0,0.0,0.0,-9.0,0.0
100F100F3200C00F3200C00F,0.0,0.0,0.0,0.0,0.0,0.0,0.0,37.5,0.0
100F100F3100D00F4100C00F,0.0,0.0,0.0,0.0,0.0,0.0,0.0,0.0,0.0
100F100F4100C00F4100C00F,0.0,0.0,0.0,0.0,0.0,0.0,0.0,0.0,0.0
100F100F3000D00F3000D00F,0.0,0.0,0.0,0.0,0.0,0.0,0.0,150.225,0.0
000F100F3100D00F3100D00F,0.0,0.0,0.0,0.0,0.0,0.0,0.0,7.149818284218651,21.342211876071694
1080000F3007000F3007000F,0.0,0.0,0.0,0.0,35.95682731964071,0.0,0.0,0.0,0.0
2085000F4400800F4310800F,0.0,0.0,0.0,0.0,0.0,0.0,0.0,0.0,29.819372782723228
1080000F3006000F3005000F,0.0,0.0,0.0,0.0,0.0,0.0,0.0,0.0,58.73085132337839
0080000F1070000F1070000F,0.0,0.0,0.0,0.0,0.0,19.5,0.0,0.0,0.0
2084000F3308000F3400800F,0.0,0.0,0.0,0.0,0.0,0.0,-9.0,-9.0,0.0
2084000F4308000F3400900F,0.0,0.0,-0.7532893534073906,0.0,0.0,0.0,0.0,0.0,0.0
A530000F3500B00F3500B00F,0.0,0.0,0.0,0.0,0.0,0.0,0.0,0.0,0.0
A210000F3208000F3208000F,0.0,0.0,0.0,0.0,0.0,0.0,0.0,0.0,24.951563574567906
2094000F420A000F3200A00F,0.0,0.0,0.0,46.80927959840616,0.0,0.0,0.0,0.0,0.0
1080000F3150000F3140000F,0.0,109.53192447308233,0.0,0.0,0.0,0.0,0.0,0.0,0.0
1080000F3050000F3106000F,0.0,22.13364625211094,0.0,0.0,0.0,0.0,0.0,0.0,0.0
20B4400F5320C00F4420C00F,0.0,0.0,0.0,0.0,0.0,18.0,0.0,0.0,0.0
1085000F4300900F4300900F,0.0,0.0,82.07892223805888,0.0,0.0,0.0,0.0,0.0,0.0
1091000F3007000F2107000F,0.0,0.0,-5.655376613368774,0.0,0.0,0.0,0.0,0.0,0.0
1094000F420A000F3209000F,0.0,0.0,0.0,0.0,0.0,0.0,0.0,-4.0759489146183885,0.0
0081000F2008000F2008000F,0.0,0.0,44.0161171875,0.0,0.0,0.0,0.0,0.0,0.0
2094000F4209000F3300A00F,5.814639066240858,0.0,0.0,0.0,0.0,0.0,0.0,0.0,0.0
2085000F3400900F3400800F,0.0,0.0,0.0,0.0,0.0,0.0,58.11676671019359,0.0,0.0
1072000F3106000F3206000F,0.0,0.0,0.0,52.109511105858054,0.0,0.0,0.0,0.0,0.0
200E100F3300B00F4200B00F,0.0,0.0,0.0,0.0,0.0,0.0,18.0,0.0,0.0
100E000F310B000F310B000F,0.0,0.0,0.0,0.0,0.0,0.0,6.102707304278613,0.0,0.0
000F000F200D000F200D000F,68.25,0.0,0.0,0.0,0.0,0.0,0.0,0.0,0.0
000D000F100C000F100C000F,0.0,0.0,0.0,0.0,0.0,0.0,0.0,0.0,0.0
000C000F100B000F100B000F,0.0,0.0,0.0,42.828936435869416,0.0,0.0,0.0,0.0,0.0
1085000F4308000F3400800F,0.0,0.0,-15.0,0.0,0.0,0.0,0.0,0.0,0.0
2094000F3209000F4209000F,-3.0,0.0,0.0,0.0,0.0,0.0,0.0,0.0,0.0
10A4000F310A000F320A000F,0.0,0.0,-7.5,0.0,0.0,0.0,0.0,0.0,0.0
200F100F4200C00F4200B00F,0.0,0.0,0.0,0.0,0.0,0.0,0.0,0.0,0.0
100E000F310A000F310A000F,0.0,0.0,0.0,0.0,0.0,0.0,0.0,0.0,13.592436573850751
2094000F3209000F3209000F,0.0,0.0,0.0,0.0,0.0,0.0,0.0,0.0,-7.5
1092000F2306000F3206000F,0.0,0.0,0.0,0.0,0.0,0.0,0.0,0.0,0.0
1094000F3308000F3307000F,0.0,0.0,0.0,0.0,0.0,0.0,0.0,0.0,45.0
00A3000F3308000F3308000F,0.0,0.0,69.22647553125498,0.0,0.0,0.0,0.0,0.0,0.0
100E100F3100C00F3100C00F,0.0,0.0,0.0,0.0,0.0,0.0,0.0,0.0,0.0
100E200F4100D00F4100D00F,0.0,0.0,0.0,0.0,0.0,0.0,0.0,27.760426698728054,0.0
20A4100F4300A00F4300900F,0.0,0.0,7.818305055381529,0.0,0.0,0.0,0.0,0.0,0.0
2084000F3300800F3400800F,0.0,0.0,-18.0,0.0,0.0,0.0,0.0,0.0,-4.5
2084000F3300900F3300900F,0.0,49.049525985799036,-7.5,0.0,0.0,0.0,0.0,0.0,0.0
1095000F4308000F3300900F,0.0,0.0,0.0,0.0,56.09326784752611,0.0,0.0,0.0,0.0
10A3000F3308000F3307000F,0.0,0.0,0.0,0.0,0.0,0.0,0.0,0.0,59.47591486516053
2095200F4220A00F4320900F,34.36352669050065,0.0,0.0,0.0,0.0,0.0,0.0,0.0,0.0
2094200F4220A00F4400A00F,0.0,32.17056515043813,0.0,0.0,0.0,0.0,0.0,0.0,0.0
1082000F3008000F3108000F,14.386571787285805,0.0,0.0,0.0,0.0,0.0,0.0,0.0,0.0
000F000F300C000F300C000F,0.0,0.0,23.71356875119077,0.0,0.0,0.0,0.0,0.0,0.0
2075000F3217000F4307000F,0.0,0.0,0.0,9.013736294642918,0.0,0.0,0.0,0.0,0.0
2093000F4209000F3200A00F,0.0,0.0,0.0,0.0,0.0,0.0,0.0,1.29,0.0
100E000F310B000F3100B00F,0.0,0.0,0.0,3.5441778451538086,0.0,0.0,0.0,0.0,0.0
200E000F410A000F4200A00F,0.0,0.0,0.0,0.0,0.0,0.0,0.0,0.0,0.0
2094100F4300A00F4300900F,0.0,0.0,0.0,0.0,0.0,0.0,141.55931765919232,0.0,0.0
20A4000F3400800F4400800F,0.0,0.0,0.0,0.0,0.0,0.0,64.55534775466843,0.0,0.0
1084000F4109000F3209000F,136.16920632462177,0.0,0.0,0.0,0.0,0.0,0.0,0.0,0.0
200F400F5300D00F4400D00F,0.0,-7.5,0.0,0.0,0.0,0.0,0.0,0.0,0.0
2093100F4209000F3300900F,0.0,14.680176349992294,0.0,0.0,0.0,0.0,0.0,0.0,0.0
0091000F3107000F3107000F,0.0,0.0,0.0,0.0,0.0,0.0,58.54828937651918,0.0,0.0
1081000F2106000F3106000F,0.0,50.34719910238279,0.0,0.0,0.0,0.0,0.0,0.0,0.0
2095000F4308000F4300900F,0.0,0.0,0.0,0.0,0.0,6.874941572785225,0.0,0.0,0.0
2085000F3308000F4400900F,0.0,0.0,0.0,0.0,0.0,55.687181974165256,0.0,0.0,0.0
100D000F300A000F210A000F,0.0,0.0,0.0,101.5125,0.0,0.0,0.0,0.0,0.0
100E100F3200B00F3200B00F,0.0,0.0,0.0,0.0,0.0,0.0,0.0,0.0,0.0
1093000F3209000F3209000F,0.0,0.0,-4.5,0.0,-3.0,-4.5,0.0,0.0,0.0
10B3200F3200B00F3300B00F,0.0,0.0,0.0,0.0,49.254834167331225,0.0,0.0,0.0,0.0
1070000F3150000F3106000F,0.0,21.80663460444461,0.0,0.0,0.0,0.0,0.0,0.0,0.0
1530000F3150000F2105000F,0.0,0.0,163.71900116364714,0.0,0.0,0.0,0.0,0.0,0.0
1082000F3107000F2207000F,28.749289648867027,0.0,0.0,0.0,0.0,0.0,0.0,0.0,0.0
30A4200F5310A00F4410A00F,0.0,0.0,0.0,0.0,0.0,3.0,0.0,0.0,0.0
100F100F3200C00F4200C00F,0.0,0.0,0.0,-11.004292730375798,0.0,0.0,0.0,0.0,0.0
2094100F4309000F3400900F,0.0,0.0,27.197561460657663,0.0,0.0,0.0,0.0,0.0,0.0
1092000F3207000F3206000F,0.0,0.0,0.0,30.276187814631314,0.0,0.0,0.0,0.0,0.0
200D000F320A000F3200A00F,0.0,0.0,0.0,0.0,0.0,0.0,0.0,-10.5,0.0
200E100F4200C00F4200C00F,0.0,0.0,0.0,0.0,0.0,0.0,0.0,0.0,-1.5
200F300F4200E00F4200E00F,0.0,0.0,0.0,0.0,0.0,0.0,0.0,0.0,0.0
2093100F4209000F4300900F,0.0,0.0,0.0,0.0,0.0,0.0,10.741507231526754,0.0,0.0
0080000F3106000F3106000F,0.0,0.0,0.0,0.0,0.0,0.0,-2.4620041971999775,0.0,0.0
1085000F3400800F3400800F,0.0,0.0,-8.828981742224393,-7.5,0.0,0.0,0.0,0.0,0.0
1085000F3400900F3400900F,7.381838643299869,0.0,0.0,0.0,0.0,0.0,0.0,0.0,0.0
1093000F4109000F3109000F,0.0,-1.5,0.0,0.0,0.0,0.0,0.0,0.0,0.0
1083000F4109000F3109000F,0.0,0.0,0.0,0.0,71.42745023303816,0.0,0.0,0.0,0.0
0092000F1009000F1009000F,0.0,0.0,0.0,0.0,30.640942654483013,0.0,0.0,0.0,0.0
1085000F4308000F3308000F,0.0,0.0,0.0,0.0,41.67246271674777,0.0,0.0,0.0,0.0
0070000F3050000F2050000F,0.0,0.0,0.0,0.0,0.0,83.93274263671876,0.0,0.0,0.0
0070000F0070000F0070000F,0.0,0.0,0.0,0.0,0.0,0.0,0.0,0.0,0.0
0050000F0050000F0050000F,0.0,0.0,0.0,0.0,0.0,0.0,0.0,0.0,0.0
0090000F0090000F0090000F,7.002017503063932,0.0,0.0,0.0,0.0,0.0,0.0,0.0,0.0
2093100F3317000F3317000F,0.0,0.0,0.0,0.0,0.0,0.0,0.0,0.0,49.26068796776399
0090000F2008000F2007000F,0.0,-106.26897216796876,0.0,0.0,0.0,0.0,0.0,0.0,0.0
100E000F410B000F310A000F,0.0,0.0,0.0,0.0,-45.0,0.0,0.0,0.0,0.0
2094000F4209000F4200A00F,0.0,0.0,0.0,0.0,0.0,0.0,3.0,0.0,0.0
2093100F4209000F3400900F,0.0,0.0,0.0,-9.0,0.0,0.0,0.0,0.0,0.0
2074000F4208000F3208000F,0.0,0.0,0.0,0.0,66.47822521809489,0.0,0.0,0.0,0.0
2073000F3207000F3207000F,6.323763929410722,0.0,0.0,0.0,0.0,0.0,0.0,0.0,0.0
2084000F4308000F3400800F,0.0,0.0,0.0,0.0,0.0,0.0,0.0,49.379588628670646,0.0
200F100F4200C00F4200C00F,0.0,0.0,0.0,0.0,0.0,0.0,0.0,0.0,0.0
200F200F4300B00F4300B00F,0.0,0.0,-3.0,0.0,0.0,0.0,0.0,0.0,0.0
2094100F4209000F4300900F,0.0,0.0,0.0,0.0,0.0,0.0,7.772072363849254,0.0,0.0
2085000F4408000F4400900F,0.0,0.0,0.0,0.0,0.0,0.0,0.0,0.0,-1.5
20A3100F4400800F4400800F,0.0,0.0,0.0,0.0,0.0,0.0,0.0,0.0,0.0
20A4200F4400A00F4410A00F,0.0,0.0,0.0,0.0,0.0,0.0,109.49906304527403,0.0,0.0
1095200F4220900F4220900F,27.936900613173584,0.0,0.0,0.0,0.0,0.0,0.0,0.0,0.0
1530000F3150000F2140000F,0.0,87.50431001172706,0.0,0.0,0.0,0.0,0.0,0.0,0.0
2085000F3408000F3400900F,0.0,0.0,0.0,0.0,0.0,0.0,0.0,0.0,76.24177065099317
1082000F3007000F3007000F,0.0,0.0,0.0,0.0,21.83491219313892,0.0,0.0,0.0,0.0
20A4000F420A000F3200A00F,0.0,-9.0,0.0,0.0,0.0,0.0,0.0,0.0,0.0
2085000F3300900F3300900F,0.0,68.016234814814,0.0,0.0,0.0,0.0,0.0,0.0,0.0
1086000F3308000F3408000F,0.0,0.0,45.338396238261325,0.0,0.0,0.0,0.0,0.0,0.0
2085000F3210800F4407000F,0.0,0.0,0.0,-4.0412555726863655,0.0,0.0,0.0,0.0,0.0
1080000F3106000F3105000F,0.0,0.0,0.0,0.0,0.0,68.46236836613834,0.0,0.0,0.0
10A4000F320A000F320A000F,0.0,0.0,0.0,0.0,0.0,0.0,0.0,0.0,0.0
100D100F310A000F320A000F,0.0,0.0,0.0,0.0,0.0,0.0,0.0,-6.0,0.0
100F200F4200C00F4200C00F,0.0,0.0,0.0,0.0,0.0,0.0,0.0,0.0,0.0
100F300F4200F00F4200F00F,0.0,0.0,-9.0,0.0,99.51795367318887,0.0,0.0,0.0,0.0
200F400F4300E00F4300E00F,0.0,0.0,0.0,0.0,0.0,0.0,0.0,0.0,0.0
100F200F4200C00F3200C00F,0.0,0.0,0.0,0.0,0.0,0.0,0.0,0.0,0.0
10B4300F4310B00F4320B00F,0.0,0.0,0.0,64.56460504551595,0.0,0.0,0.0,0.0,0.0
1074000F3308000F3208000F,0.0,0.0,0.0,18.712015192534533,0.0,0.0,0.0,0.0,0.0
0530000F3106000F3106000F,0.0,0.0,0.0,0.0,0.0,0.0,28.322998278435207,0.0,0.0
1085000F4408000F3400800F,0.0,0.0,0.0,0.0,0.0,0.0,32.57053095095545,0.0,0.0
1092000F4206000F3206000F,0.0,0.0,83.14997751808535,0.0,0.0,0.0,0.0,0.0,0.0
1081000F3008000F2008000F,0.0,0.0,25.96810559040643,0.0,0.0,0.0,0.0,0.0,0.0
10A3000F3109000F3109000F,0.0,0.0,0.0,0.0,0.0,0.0,0.0,46.71741822789839,0.0
000E000F300C000F300C000F,53.35430568864206,0.0,0.0,0.0,0.0,0.0,0.0,0.0,0.0
000F000F000F000F000F000F,0.0,0.0,0.0,0.0,0.0,0.0,0.0,0.0,3.574811606790064
000F200E4000F00F4000F00F,0.0,0.0,0.0,0.0,0.0,-87.0,0.0,0.0,0.0
100F100F3100D00F3100D00F,0.0,0.0,0.0,0.0,0.0,0.0,-45.0,0.0,0.0
100F300F4100E00F4100E00F,0.0,0.0,0.0,-3.0,0.0,0.0,0.0,0.0,0.0
200F400F4200F00F4300E00F,0.0,0.0,0.0,0.0,0.0,0.0,0.0,-3.0,0.0
200F400F5200E00F4300E00F,0.0,0.0,0.0,0.0,11.6889688860424,0.0,0.0,0.0,0.0
1080000F3106000F2105000F,24.381031383682103,0.0,0.0,0.0,0.0,0.0,0.0,0.0,0.0
1080000F3150000F3106000F,0.0,0.0,0.0,31.791562434035036,0.0,0.0,0.0,0.0,0.0
2094200F4220A00F4320900F,0.0,0.0,0.0,-1.5,0.0,0.0,0.0,0.0,0.0
2094000F4408000F4400800F,0.0,0.0,0.0,0.0,57.574815824696564,0.0,0.0,0.0,0.0
